,events_count_1989,events_count_1990,events_count_1991,events_count_1992,events_count_1993,events_count_1994,events_count_1995,events_count_1996,events_count_1997,events_count_1998,events_count_1999,events_count_2000,events_count_2001,events_count_2002,events_count_2003,events_count_2004,events_count_2005,events_count_2006,events_count_2007,events_count_2008,events_count_2009,events_count_2010,events_count_2011,events_count_2012,events_count_2013,events_count_2014,events_count_2015,events_count_2016,events_count_sum,deaths_total_1989,deaths_total_1990,deaths_total_1991,deaths_total_1992,deaths_total_1993,deaths_total_1994,deaths_total_1995,deaths_total_1996,deaths_total_1997,deaths_total_1998,deaths_total_1999,deaths_total_2000,deaths_total_2001,deaths_total_2002,deaths_total_2003,deaths_total_2004,deaths_total_2005,deaths_total_2006,deaths_total_2007,deaths_total_2008,deaths_total_2009,deaths_total_2010,deaths_total_2011,deaths_total_2012,deaths_total_2013,deaths_total_2014,deaths_total_2015,deaths_total_2016,deaths_total_sum,gdp_1989,gdp_1990,gdp_1991,gdp_1992,gdp_1993,gdp_1994,gdp_1995,gdp_1996,gdp_1997,gdp_1998,gdp_1999,gdp_2000,gdp_2001,gdp_2002,gdp_2003,gdp_2004,gdp_2005,gdp_2006,gdp_2007,gdp_2008,gdp_2009,gdp_2010,gdp_2011,gdp_2012,gdp_2013,gdp_2014,gdp_2015,gdp_2016,deaths_civilians_1989,deaths_civilians_1990,deaths_civilians_1991,deaths_civilians_1992,deaths_civilians_1993,deaths_civilians_1994,deaths_civilians_1995,deaths_civilians_1996,deaths_civilians_1997,deaths_civilians_1998,deaths_civilians_1999,deaths_civilians_2000,deaths_civilians_2001,deaths_civilians_2002,deaths_civilians_2003,deaths_civilians_2004,deaths_civilians_2005,deaths_civilians_2006,deaths_civilians_2007,deaths_civilians_2008,deaths_civilians_2009,deaths_civilians_2010,deaths_civilians_2011,deaths_civilians_2012,deaths_civilians_2013,deaths_civilians_2014,deaths_civilians_2015,deaths_civilians_2016,deaths_civilians_sum
Afghanistan,145,45,64,76,115,244,219,234,199,216,189,207,263,94,186,241,430,848,1042,1114,1514,1806,2198,2305,1926,2120,2263,2423,22726,5411,1514,3553,4385,4105,9056,5618,3595,6721,12166,5065,5394,5553,1157,944,817,1711,4982,7020,5660,6499,7151,7565,7822,8131,12550,17986,18707,180838,0.0,0.0,0.0,0.0,0.0,0.0,0.0,0.0,0.0,0.0,0.0,0.0,2461665937.8938603,4128820723.0471296,4583644246.48061,5285465685.86423,6275073571.54659,7057598406.61553,9843842455.48323,10190529882.4878,12486943505.7381,15936800636.2487,17930239399.8149,20536542736.7297,20046334303.9661,20050189881.6659,19702986340.5494,19469022207.6357,303,101,49,1695,637,120,185,483,353,6341,583,639,867,171,67,77,200,477,669,763,1099,1178,1024,908,930,876,899,1076,22770
Albania,0,0,0,0,0,0,0,0,0,0,4,0,0,0,0,0,0,0,0,0,0,0,0,0,0,0,0,0,4,0,0,0,0,0,0,0,0,0,0,6,0,0,0,0,0,0,0,0,0,0,0,0,0,0,0,0,0,6,2335124987.5,2101624962.5,1139166645.8333302,709452583.880319,1228071037.84446,1985673798.10258,2424499009.1426396,3314898291.75235,2359903108.38446,2707123772.16195,3414760915.27878,3632043907.9773297,4060758804.12084,4435078647.74817,5746945912.58082,7314865175.6199,8158548716.68554,8992642348.7871,10701011896.7708,12881352687.7773,12044212903.8168,11926953258.916,12890867538.5302,12319784787.2987,12781029643.5936,13219857459.1009,11390365293.8057,11926892452.8499,0,0,0,0,0,0,0,0,0,0,2,0,0,0,0,0,0,0,0,0,0,0,0,0,0,0,0,0,2
Algeria,0,1,4,120,269,350,394,123,128,383,221,248,80,226,209,219,72,91,128,111,191,92,125,124,73,43,46,27,4098,0,1,34,274,826,1943,3059,1091,2008,3304,1153,1178,674,1073,714,500,232,292,495,345,541,252,276,264,222,111,110,89,21061,55631489801.5508,62045099642.7774,45715367087.1001,48003298223.1178,49946455210.965996,42542571305.5136,41764052457.8814,46941496779.8499,48177862501.9495,48187747528.899,48640574566.6476,54790245600.5846,54744714396.1666,56760288973.6703,67863829880.4832,85324998813.604,103198228458.58801,117027304746.54,134977087734.00801,171000691877.714,137211039898.19301,161207268655.392,200013051408.11603,209047389309.482,209783503258.224,213983107815.932,164779467703.299,156079606663.18802,0,0,1,5,37,30,15,9,361,143,143,247,32,535,58,95,26,46,31,58,48,26,17,23,27,1,1,0,2015
Angola,258,181,18,34,220,319,74,26,30,108,243,129,121,62,34,12,7,2,22,9,9,3,2,0,1,4,2,8,1938,2873,2609,526,2328,12398,4009,215,75,95,1200,2665,1206,2154,578,81,49,11,0,26,4,25,7,1,0,2,0,1,14,33152,10026737967.9144,10026737967.9144,12118610904.2251,5684291718.77106,5278182970.79618,4059352153.0536795,5039552482.42778,7526446605.51712,7648377412.83277,6445041824.66621,6152922942.98032,9129594818.60749,8936063723.20121,12497346669.6684,14188949190.618,19640848728.8937,28233712830.9035,41789478661.3096,60448921272.2326,84178032716.0971,75492384801.3695,82470913120.7314,104115923082.737,115398371427.673,124912063308.202,126776874216.703,102962245246.70801,89633156470.3104,297,191,212,32,761,304,56,1,45,214,464,258,1038,97,59,12,3,0,1,1,0,6,0,0,0,0,0,1,4053
Argentina,0,0,0,1,0,0,0,0,0,0,0,0,0,0,0,0,0,0,0,0,0,0,0,0,0,0,0,0,1,0,0,0,0,0,0,0,0,0,0,0,0,0,0,0,0,0,0,0,0,0,0,0,0,0,0,0,0,0,76636898036.4712,141352368714.691,189719984268.485,228788617201.696,236741715015.015,257440000000.0,258031750000.0,272149750000.0,292859000000.0,298948250000.0,283523000000.0,284203750000.0,268696750000.0,97724004251.8602,127586973492.17699,164657930452.787,198737095012.28198,232557260817.308,287530508430.568,361558037110.419,332976484577.61896,423627422092.49,530163281574.65796,545982375701.128,552025140252.246,526319673731.63794,584711485367.2671,545866164478.053,0,0,0,0,0,0,0,0,0,0,0,0,0,0,0,0,0,0,0,0,0,0,0,0,0,0,0,0,0
Armenia,0,0,0,9,7,1,6,0,0,0,0,0,0,0,0,0,1,2,0,0,0,0,0,5,1,0,8,1,41,0,0,0,85,37,30,8,0,0,0,0,0,0,0,0,0,1,2,0,0,0,0,0,9,1,0,16,4,193,0.0,2256838858.4271398,2068526521.9029899,1272577521.7683,1201313196.45626,1315158670.4797099,1468317350.02343,1596968913.19202,1639492424.38103,1893726437.35976,1845482181.48539,1911563665.3900602,2118467913.37873,2376335048.3997602,2807061008.69084,3576615240.41616,4900469515.07252,6384451606.1421,9206301700.39619,11662040713.8753,8647936747.987041,9260284937.797821,10142111334.4961,10619320048.5857,11121465767.4067,11609512939.7543,10529182498.3475,10547331235.1895,0,0,0,44,17,0,1,0,0,0,0,0,0,0,0,0,0,0,0,0,0,0,0,0,0,0,12,0,74
Azerbaijan,0,0,3,181,74,58,9,3,3,4,6,7,5,0,0,3,22,8,11,7,6,14,20,12,10,33,43,31,573,0,0,35,2243,1197,1489,54,5,29,34,18,13,6,0,0,8,24,5,12,30,7,20,21,16,11,46,63,137,5523,0.0,8858006035.915659,8792365810.5094,4991350457.5425,3973027396.65195,3313739673.54738,3052467522.3610396,3176749593.11788,3962710163.1116705,4446396217.63265,4581222442.457829,5272617196.045171,5707720390.8515,6235795103.88809,7276013031.96905,8680472168.51531,13245716099.0057,20983019923.8863,33050343782.7759,48852482960.0779,44291490420.5026,52902703376.1056,65951627200.2026,69684317718.9409,74164435946.4627,75244166772.9185,53074370486.0433,37847715736.0406,0,0,0,307,56,10,7,0,0,0,0,0,0,0,0,3,0,0,0,0,0,0,3,0,0,0,0,10,396
Bahrain,0,0,0,0,0,0,0,0,0,0,0,0,0,0,0,0,0,0,0,0,0,0,24,0,0,0,0,0,24,0,0,0,0,0,0,0,0,0,0,0,0,0,0,0,0,0,0,0,0,0,0,26,0,0,0,0,0,26,3863563829.7872295,4229787234.04255,4616223404.255321,4751063829.78723,5200265957.44681,5567553457.44681,5849467819.14894,6101861436.17021,6349202393.617021,6183776595.744679,6621010372.340429,9062906914.89362,8976207712.765959,9632155053.19149,11074822074.4681,13150166755.3191,15968726861.7021,18505053191.4894,21730000000.0,25710877659.5745,22938218085.1064,25713271276.5957,29157446808.5106,30749308510.6383,32898670212.766003,33387712765.9574,31125851063.8298,31858510638.2979,0,0,0,0,0,0,0,0,0,0,0,0,0,0,0,0,0,0,0,0,0,0,26,0,0,0,0,0,26
Bangladesh,20,27,36,29,18,6,13,23,11,11,18,8,27,4,15,37,71,74,13,11,9,8,1,2,38,4,15,29,578,81,94,107,225,43,32,14,46,16,21,14,105,62,6,8,51,95,99,18,13,10,5,0,2,54,4,18,75,1318,28781714763.7823,31598341233.5793,30957483290.541,31708873954.9405,33166520084.8295,33768662171.2233,37939748051.3878,46438482370.3942,48244308274.8086,49984559471.3656,51270569883.5275,53369787318.6245,53991289844.3291,54724081490.5102,60158929188.2556,65108544250.0425,69442943089.4309,71819083683.7403,79611888213.148,91631278239.3237,102477791472.39,115279077465.226,128637938711.386,133355749482.47801,149990451022.29,172885454931.453,195078561219.325,221415280325.518,54,48,70,205,7,23,1,34,3,7,1,4,6,0,0,25,22,8,0,3,2,1,0,0,11,0,12,36,583
Belgium,0,0,0,0,0,0,0,0,0,0,0,0,0,0,0,0,0,0,0,0,0,0,0,0,0,0,0,3,3,0,0,0,0,0,0,0,0,0,0,0,0,0,0,0,0,0,0,0,0,0,0,0,0,0,0,0,34,34,165100250614.251,206431036697.24802,211638016538.689,236038607528.23102,225924893540.112,246195171328.67102,289567597153.80396,281357654723.127,254813937753.721,260602356079.129,260202429149.798,237904919845.21802,237841610738.255,258860342555.995,319003386004.515,370885274397.815,387365999253.824,409813072387.404,471821790309.335,518626043650.21204,484552653514.865,483548693409.33704,527008036846.81104,497884088082.651,520117140495.05896,531750903174.68604,454991318727.90704,466365727353.85,0,0,0,0,0,0,0,0,0,0,0,0,0,0,0,0,0,0,0,0,0,0,0,0,0,0,0,32,32
Bhutan,0,0,0,0,0,0,0,0,1,0,0,0,0,0,0,1,0,0,0,0,0,0,0,0,0,0,0,0,2,0,0,0,0,0,0,0,0,4,0,0,0,0,0,0,0,0,0,0,0,0,0,0,0,0,0,0,0,4,275949889.09427,299787275.842376,250045839.929639,250794359.567901,235239570.350935,270801565.189672,303053462.843047,316420860.852385,365964500.137703,376955087.251575,419035810.496981,439158233.199822,476360697.18160594,537050133.717342,622026107.7715759,702682018.976169,818869145.124717,897731524.9299221,1196091805.02316,1258332337.28382,1264758197.96593,1585472534.10547,1820207625.80217,1823692109.61652,1798333725.8395398,1958819914.95916,2057947621.19283,2236933237.89015,0,0,0,0,0,0,0,0,0,0,0,0,0,0,0,0,0,0,0,0,0,0,0,0,0,0,0,0,0
Bolivia,0,0,0,0,0,0,0,0,0,1,0,9,0,0,0,0,0,0,0,0,0,0,0,0,0,0,0,0,10,0,0,0,0,0,0,0,0,0,2,0,50,0,0,0,0,0,0,0,0,0,0,0,0,0,0,0,0,52,4715978868.216129,4867582620.20708,5343274311.56789,5643893347.00679,5734676560.92471,5981244886.917,6715220507.05164,7396966657.470541,7925673448.41368,8497545598.08352,8285075872.27307,8397912509.09679,8141537937.61068,7905485216.17852,8082364868.39357,8773451738.911291,9549077869.10651,11451869164.7112,13120159975.5451,16674324634.2373,17339992165.2422,19649631308.1648,23963033443.8518,27084497539.7974,30659338929.0883,32996187988.4226,33000198263.3864,33806395513.7482,0,0,0,0,0,0,0,0,0,0,0,0,0,0,0,0,0,0,0,0,0,0,0,0,0,0,0,0,0
Bosnia-Herzegovina,0,0,0,375,613,445,433,0,0,0,0,0,0,0,0,0,0,0,0,0,0,0,0,0,0,0,0,0,1866,0,0,0,7629,5812,3140,9755,0,0,0,0,0,0,0,0,0,0,0,0,0,0,0,0,0,0,0,0,0,26336,0.0,0.0,0.0,0.0,0.0,1255802469.1358,1866572953.7366602,2786045321.63743,3671816504.23851,4116699437.4041,4685729738.56209,5505984455.95855,5748990666.17862,6651226179.01829,8370020196.19158,10022840634.9206,11225138297.1959,12866524918.2221,15776422673.198,19101454463.7507,17600630726.6141,17164279813.0968,18629346790.8167,17207367625.8048,18154290272.2151,18521475376.4754,16173806634.5336,16559695718.568,0,0,0,3910,1089,850,8643,0,0,0,0,0,0,0,0,0,0,0,0,0,0,0,0,0,0,0,0,0,14492
Botswana,0,1,0,0,0,0,0,0,0,0,0,0,0,0,0,0,0,0,0,0,0,0,0,0,0,0,0,0,1,0,1,0,0,0,0,0,0,0,0,0,0,0,0,0,0,0,0,0,0,0,0,0,0,0,0,0,0,1,3083800684.89751,3790567051.8677797,3942792837.35655,4146513722.3301897,4160086253.1468,4259330999.0315104,4730611067.02258,4847752842.78924,5020214747.45261,4790458837.170779,5484257417.17844,5788329609.15755,5489608299.66445,5438857106.73536,7511582173.37724,8957467706.5354,9931134940.51346,10126940513.3125,10939053367.1521,10945070441.9283,10267133177.7334,12786654365.8738,15682926890.0326,14686278713.5189,14915780533.086,16259445049.7698,14430608463.4399,15274861068.209,0,1,0,0,0,0,0,0,0,0,0,0,0,0,0,0,0,0,0,0,0,0,0,0,0,0,0,0,1
Brazil,0,0,0,0,4,6,8,3,10,3,12,11,10,17,7,12,16,3,9,5,3,2,3,2,1,1,0,0,148,0,0,0,0,42,29,51,20,33,13,59,33,74,61,43,86,54,22,40,20,40,4,31,11,4,1,0,0,771,425595310000.0,461951782000.0,602860000000.0,400599250000.0,437798577639.752,558111997497.263,785643456467.255,850425828275.793,883199443413.729,863723395088.3241,599388879704.634,655421153320.579,559372502338.237,507962741819.919,558320116997.075,669316239316.239,891629970423.9241,1107640325472.35,1397084381901.29,1695824517395.57,1667019605881.76,2208871646202.82,2616201578192.25,2465188674415.03,2472806919901.67,2455993200170.0,1803652649613.75,1796186586414.45,0,0,0,0,29,2,13,9,1,0,17,1,0,7,6,6,33,5,6,10,5,0,1,6,0,0,0,0,157
Burkina Faso,0,0,0,0,0,0,0,0,0,0,0,0,0,0,0,0,0,0,0,0,0,0,0,0,0,0,0,1,1,0,0,0,0,0,0,0,0,0,0,0,0,0,0,0,0,0,0,0,0,0,0,0,0,0,0,0,25,25,2615588545.68629,3101301780.95067,3135045684.1006,2240264711.54816,2332018010.55341,1895290964.8082898,2379518099.2266,2586550747.0984397,2447669403.89018,2804902723.73145,2993753187.09677,2628920056.1009803,2812845513.57125,3205592289.79773,4205691222.1139603,4838551099.70985,5462709498.45119,5844669845.53733,6771277870.96412,8369637065.40255,8369175126.2531595,8979966766.07232,10724061338.5874,11166061507.8024,11934606509.5944,12400688571.1396,11148759324.507,12115155931.5461,0,0,0,0,0,0,0,0,0,0,0,0,0,0,0,0,0,0,0,0,0,0,0,0,0,0,0,0,0
Burundi,0,1,10,3,5,24,90,83,88,75,93,188,115,193,149,81,90,53,25,22,0,0,0,1,1,3,23,13,1429,0,7,278,61,5,56,1547,2673,1573,1398,1012,2071,1253,1576,1245,679,378,185,79,220,0,0,0,9,9,50,213,13,16590,1113924130.41149,1132101252.5181699,1167398478.3459,1083037670.60484,938632612.026359,925030590.1536831,1000428393.8852801,869033856.317093,972896267.915425,893770806.077641,808077223.365746,870486065.883137,876794723.068586,825394490.159111,784654423.620476,915257323.3961,1117257279.46188,1273180597.0271099,1356078278.18821,1611634331.64869,1739781488.7457,2026864469.3638802,2355652125.85184,2472384906.99794,2714505634.52629,3093647226.8107,3097324739.8493,3007029030.3997602,0,0,10,1,5,11,1344,2185,812,825,628,714,303,617,369,259,114,50,23,26,0,0,0,0,9,1,71,6,8383
Cambodia (Kampuchea),43,25,18,17,82,73,100,89,55,35,1,4,0,0,1,0,0,0,1,1,1,0,3,2,0,0,0,0,551,814,377,322,193,484,572,723,846,455,274,0,4,0,0,1,0,0,0,2,2,2,0,10,1,0,0,0,0,5082,0.0,0.0,0.0,0.0,2533727592.02872,2791435272.25765,3441205692.90388,3506695719.5716,3443413388.70675,3120425502.56968,3517242477.2336802,3654031716.2764897,3984000517.01899,4284028482.5497103,4658246918.260139,5337833248.028279,6293046161.82646,7274595706.66355,8639235842.177559,10351914093.1626,10401851850.6062,11242275198.9706,12829541141.0175,14038383450.1945,15449630418.5461,16777820332.6952,18049954289.4301,20016747754.0153,16,104,136,90,228,115,50,70,34,69,0,4,0,0,1,0,0,0,2,0,0,0,2,1,0,0,0,0,922
Cameroon,0,1,1,3,5,7,0,3,0,4,0,4,3,0,0,2,3,0,0,1,1,0,0,0,1,51,60,96,246,0,6,50,25,47,102,0,56,0,52,0,2,0,0,0,9,0,0,0,0,0,0,0,0,1,1047,1229,487,3113,11140055364.1502,11151578050.7356,12434370004.9586,11396310990.2197,13532137227.585,9220470913.32766,8733231184.34755,9732328115.73674,9840553235.89425,9629649416.89037,10486451144.4061,9287367235.25769,9633109349.64535,10879778384.1965,13621738837.1961,15775357014.6254,16587858856.6778,17953066721.0949,20431780377.8605,23322254113.5623,23381142146.6485,23622483983.7101,26587311527.5711,26472056037.7696,29567504655.4935,32050817632.9602,28415950981.4447,24204448566.6105,0,6,0,0,0,55,0,2,0,0,0,2,0,0,0,9,0,0,0,0,0,0,0,0,1,89,306,304,774
Canada,0,0,0,0,0,3,9,1,1,9,3,8,1,0,0,0,0,0,0,0,0,0,0,0,0,0,0,0,35,0,0,0,0,0,3,24,2,2,27,11,23,1,0,0,0,0,0,0,0,0,0,0,0,0,0,0,0,93,565055743243.2429,593929550908.468,610328183643.188,592387689252.916,577170761956.438,578139279437.61,604031623433.401,628546387972.131,652825364726.275,631813279406.808,676082654640.91,742293448252.643,736379777892.562,757950678646.53,892380986367.854,1023196003074.56,1169357979864.66,1315415197461.21,1464977190205.75,1549131208997.19,1371153004986.44,1613464422811.13,1788647906047.76,1824288757447.57,1842628005830.18,1792883225804.38,1552807652015.37,1529760492201.35,0,0,0,0,0,0,1,0,0,0,0,0,0,0,0,0,0,0,0,0,0,0,0,0,0,0,0,0,1
Central African Republic,0,0,1,1,3,0,0,0,0,0,1,1,27,14,4,0,6,32,22,3,52,33,21,28,172,354,69,36,880,0,0,0,3,4,0,0,0,0,0,5,6,255,152,17,0,8,164,136,6,179,113,135,96,3185,2778,427,398,8067,1233930277.0492198,1440711395.67069,1377375030.5292099,1411917558.45855,1278781166.72188,851174350.6494089,1115389731.7911901,1007791186.2010599,937741468.029676,967338348.6583141,999477510.686632,914500299.097034,931833302.7528571,991387870.1246301,1139754799.16304,1270080250.6526802,1350301057.06866,1460562038.37097,1698125617.9230402,1985239276.62611,1981728140.77833,1986014845.6318398,2212699746.81377,2184183758.31567,1518565219.0106099,1702898939.55483,1583776759.97697,1756124677.1967099,0,0,0,1,4,0,0,0,0,0,5,0,24,43,4,0,8,119,124,6,93,69,23,38,2305,1729,150,240,4985
Chad,4,19,6,32,15,18,17,3,8,9,12,14,6,10,4,9,8,62,19,15,12,1,0,0,0,1,28,7,339,220,686,95,1197,313,526,53,4,135,195,394,1070,230,298,37,78,267,1956,431,994,135,4,0,0,0,6,394,26,9744,1433686309.83641,1738605558.05436,1877138041.64308,1881847676.80752,1463251055.40068,1179837954.72193,1445919969.89272,1607345450.0457802,1544689502.82472,1744794457.276,1534673583.2487,1385058161.7674599,1709347793.32873,1987622279.11463,2736666515.8294,4414929219.99649,6646663561.2656,7422102655.98832,8638711442.7705,10351932604.4154,9253484108.49701,10657705536.4978,12156380425.0825,12368071038.7362,12949854262.8127,13922223233.5184,10888798113.7866,9600761473.78738,170,34,27,298,193,234,49,4,38,164,0,5,4,3,0,28,167,570,220,4,10,0,0,0,0,6,119,5,2352
China,3,3,0,0,0,0,0,0,2,0,3,0,0,0,0,0,2,0,1,16,5,0,0,0,0,0,1,0,36,2600,22,0,0,0,0,0,0,4,0,0,0,0,0,0,0,12,0,0,87,189,0,0,0,0,0,5,0,2919,347767206477.73303,360858508604.206,383372822299.65204,426915227629.51294,444730903968.185,564325246266.838,734548001963.907,863746361646.34,961603416246.472,1029043011921.59,1093997559885.48,1211346395438.73,1339395440432.04,1470549716080.71,1660287543796.06,1955347477285.91,2285965854313.36,2752132089196.58,3552182714426.55,4598205419718.8,5109954035775.98,6100620356557.32,7572554360442.62,8560546868811.69,9607224248684.59,10482371325324.7,11064664793255.7,11199145157649.2,2600,0,0,0,0,0,0,0,4,0,0,0,0,0,0,0,12,0,0,51,11,0,0,0,0,0,5,0,2683
Colombia,53,100,128,103,47,70,77,150,181,145,206,338,347,499,243,660,536,119,100,76,83,88,60,37,22,46,32,16,4562,384,712,872,1500,302,1211,943,1401,891,1646,2093,2028,2357,3427,1190,1781,1702,588,362,252,419,442,227,227,140,151,143,38,27429,39540080200.3938,40274204595.2296,41239551378.2482,49279585355.0948,55802538219.0264,81703500846.0364,92507279383.0387,97160109277.8087,106659508271.255,98443739941.1664,86186158684.7685,99886577330.7271,98203546156.3102,97933391976.08301,94684584162.77301,117074863821.85,146566264837.014,162590146096.414,207416494642.379,243982437870.84,233821670544.258,287018184637.529,335415156702.18604,369659700375.52,380191881860.372,378195716714.266,291519591532.951,282462548889.26,150,171,129,43,76,92,131,227,311,556,641,773,819,847,372,296,164,95,52,42,42,47,27,23,4,17,5,3,6155
Comoros,2,0,0,0,0,0,0,0,2,3,0,0,0,0,0,0,0,0,0,0,0,0,0,0,0,0,0,0,7,29,0,0,0,0,0,0,0,56,40,0,0,0,0,0,0,0,0,0,0,0,0,0,0,0,0,0,0,125,198733185.87510702,250030760.75478598,246823428.906664,266191040.37332797,263568114.44546202,185761822.560488,231896229.562629,230495751.44659302,212099634.69775102,215394066.068976,222580453.753844,203846427.73873702,220093812.206791,246737679.472106,317562269.371106,368143118.68996,380372892.60677403,406111873.539847,462453582.87362695,523134896.968654,524157261.014644,530493353.21893704,586281766.7599701,570865941.229395,618663921.8611599,647720707.076427,565689764.63263,616654490.471188,0,0,0,0,0,0,0,0,0,3,0,0,0,0,0,0,0,0,0,0,0,0,0,0,0,0,0,0,3
Congo,0,0,0,1,10,8,1,2,57,54,50,0,1,24,6,0,5,0,1,1,0,0,1,2,0,0,0,4,228,0,0,0,2,135,18,2,1,10412,3763,977,0,3,234,33,0,15,0,2,1,0,0,1,2,0,0,0,51,15652,2389593021.9486604,2798746050.5823603,2724853507.6385603,2933222705.80382,1918970177.74925,1769365438.87155,2116003868.17928,2540697537.71673,2322719101.29807,1949481380.6404397,2353909441.71514,3219910666.03357,2794259783.08097,3019993738.77492,3495868808.0512,4648628921.36969,6087003176.11624,7731261310.93322,8394688284.062241,11859014004.0772,9593536531.23778,12007880590.4575,14425607224.168001,13677930123.5919,14085852120.4761,14177437627.2969,8553154505.836929,7833509443.39395,0,0,0,2,83,7,0,1,503,496,443,0,2,49,17,0,6,0,0,0,0,0,0,0,0,0,0,32,1641
Croatia,0,0,0,33,55,0,69,0,0,0,0,0,0,0,0,0,0,0,0,0,0,0,0,0,0,0,0,0,157,0,0,0,142,373,0,963,0,0,0,0,0,0,0,0,0,0,0,0,0,0,0,0,0,0,0,0,0,1478,0.0,0.0,0.0,0.0,0.0,0.0,22387561845.2244,23678012697.3612,23822087053.2091,25432144406.2043,23386945596.6928,21774273832.1031,23289671102.3197,26878499206.0165,34658113497.39,41574530815.5047,45416076680.8707,50453577898.4886,60093155532.7678,70481451814.3118,62703095750.5257,59665427464.5326,62236751773.0497,56485301967.4205,57769872074.882996,57080369367.8021,48676334689.3545,50425333970.0264,0,0,0,22,58,0,171,0,0,0,0,0,0,0,0,0,0,0,0,0,0,0,0,0,0,0,0,0,251
DR Congo (Zaire),3,4,8,10,20,14,15,208,134,118,160,109,59,124,78,33,25,80,118,106,547,90,156,149,150,112,111,103,2844,28,147,32,65,3314,330,523,34530,13884,8019,7537,2946,1334,7877,3855,815,283,387,903,1737,5161,805,491,1795,2164,1514,650,860,101986,9021862775.254429,9349764580.35198,9087965281.52807,8206227134.008571,10707792340.0276,5820383305.5466795,5643439262.21735,5771454939.62404,6090840548.1878395,6215591269.89747,4711259427.27273,19088046305.7971,7438189100.33333,8728038525.14034,8937567059.87754,10297483481.223,11964484667.9102,14296507096.4135,16364029327.3457,19206060270.2521,18262773820.8055,20523285374.187,23849009737.6669,27463220380.0054,30014813755.772003,34028119332.6087,36188521106.9294,34998638634.1,28,147,32,65,158,328,58,32737,9581,4794,3454,697,467,4584,2653,739,274,216,278,927,3145,518,180,570,590,480,422,316,68438
Djibouti,1,1,7,10,8,3,3,0,1,2,8,0,0,0,0,0,0,0,0,2,0,0,0,0,0,1,0,0,47,6,60,74,129,33,39,17,0,11,16,25,0,0,0,0,0,0,0,0,35,0,0,0,0,0,1,0,0,446,409220087.102818,452328087.28287596,462421998.525779,478058304.87111795,466048469.22985995,491689220.744875,497723960.589913,494004647.73437,502675542.00122696,514267869.300758,536080148.09729904,551230861.856505,572417440.820162,591122039.601398,622044665.515049,666072101.7775049,708633194.726566,768873684.032838,847918929.107984,999105339.2677289,1049110684.72493,1128611700.3618,1239144501.77525,1353632941.5207,1455000000.0,1588000000.0,1727000000.0,0.0,0,0,0,0,2,0,0,0,0,1,3,0,0,0,0,0,0,0,0,0,0,0,0,0,0,1,0,0,7
Ecuador,0,0,0,0,0,0,4,0,0,0,0,0,1,0,1,0,0,0,0,1,0,0,0,0,0,0,0,0,7,0,0,0,0,0,0,11,0,0,0,0,0,2,0,26,0,0,0,0,25,0,0,0,0,0,0,0,0,64,13890828707.6493,15239278100.3502,16988535267.6338,18094238119.0595,18938717358.6793,22708673336.6683,24432884442.2211,25226393196.5983,28162053026.5133,27981896948.4742,19645272636.3182,18327764882.4412,24468324000.0,28548945000.0,32432859000.0,36591661000.0,41507085000.0,46802044000.0,51007777000.0,61762635000.0,62519686000.0,69555367000.0,79276664000.0,87924544000.0,95129659000.0,102292260000.0,100176808000.0,97802211000.0,0,0,0,0,0,0,0,0,0,0,0,0,0,0,0,0,0,0,0,0,0,0,0,0,0,0,0,0,0
Egypt,0,2,0,5,43,76,118,75,34,10,2,4,0,0,0,3,4,2,0,2,2,1,4,2,45,45,57,32,568,0,4,0,13,108,162,233,149,143,29,4,5,0,0,0,35,124,2,0,2,1,1,31,75,130,249,974,301,2775,39648442534.0768,43130416913.4141,36970555898.9698,41855986519.4235,46578631452.58099,51897983392.6453,60159245060.4542,67629716981.1321,78436578171.0914,84828807556.0803,90710704806.8416,99838543960.0763,97632008709.85301,87850683978.6691,82924503942.6381,78845185293.4964,89685725230.2517,107484034870.974,130478960092.49901,162818181818.182,188982374700.805,218888324504.75302,236001858960.015,279372758361.832,288586231501.877,305529656458.438,332698041030.807,336296921758.782,0,4,0,2,10,20,53,75,81,5,0,0,0,0,0,34,88,0,0,0,0,0,0,0,3,2,230,34,641
El Salvador,58,45,10,1,0,0,0,0,0,0,0,0,0,0,0,0,0,0,0,0,0,0,0,0,0,0,0,0,114,4924,848,88,4,0,0,0,0,0,0,0,0,0,0,0,0,0,0,0,0,0,0,0,0,0,0,0,0,5864,4372215300.0,4800900000.0,5311000000.0,5954700000.0,6938000000.0,8085600000.0,9500500000.0,10315500000.0,11134700000.0,12008400000.0,12464700000.0,13134100000.0,13812700000.0,14306700000.0,15046700000.0,15798300000.0,17093800000.0,18550700000.0,20104900000.0,21430950000.0,20661030000.0,21418330000.0,23139040000.0,23813600000.0,24350930000.0,25054230000.0,26052340000.0,26797470000.0,98,18,0,0,0,0,0,0,0,0,0,0,0,0,0,0,0,0,0,0,0,0,0,0,0,0,0,0,116
Eritrea,0,0,0,0,1,0,0,2,9,2,13,6,0,0,9,0,0,0,0,0,0,0,0,0,0,0,0,1,43,0,0,0,0,21,0,0,14,31,10,17203,1793,0,0,57,0,0,0,0,0,0,0,0,0,0,0,0,25,19154,0.0,0.0,0.0,477101651.648376,467872714.755603,531688311.688312,578015625.0,693535954.1900669,686490090.140141,745526154.93283,688921325.7120429,706370815.584416,752368495.512622,729321366.6518611,870247703.182758,1109054005.43971,1098425900.74116,1211161879.6748,1317974491.05691,1380188800.0,1856695551.21951,2117039512.1951199,2607739837.39837,0.0,0.0,0.0,0.0,0.0,0,0,0,0,0,0,0,0,0,1,137,1,0,0,0,0,0,0,0,0,0,0,0,0,0,0,0,0,139
Ethiopia,72,110,45,16,13,5,9,5,4,18,41,71,52,125,68,126,90,102,145,82,87,98,92,90,54,25,97,146,1888,25394,49856,12442,1026,133,76,1043,65,12,1005,30786,48666,388,809,1068,475,290,430,500,286,590,152,66,385,88,39,307,494,176871,11476584879.2271,12175166763.285,13463868357.4879,10492993077.6093,8830712713.90781,6927950564.55657,7663984567.90123,8547939730.62374,8589211390.49612,7818224905.55071,7700833482.00615,8242392103.68061,8231326016.47494,7850809498.16803,8623691300.04079,10131187261.4421,12401139453.9738,15280861834.6024,19707616772.7996,27066912635.2228,32437389116.038,29933790334.3418,31952763089.33,43310721414.0829,47648211133.2183,55612228233.5179,64464423674.6569,72374252815.3782,1015,737,212,0,26,0,0,0,0,6,16,0,0,35,511,244,58,20,241,1,7,0,1,88,11,9,258,416,3912
France,0,0,0,1,0,0,1,1,0,0,0,0,0,0,0,0,0,0,1,0,0,0,0,1,0,0,2,2,9,0,0,0,0,0,0,8,0,0,0,0,0,0,0,0,0,0,0,2,0,0,0,0,4,0,0,133,87,234,1030122352457.33,1275300566196.84,1275563306592.26,1408724907063.2,1330094973361.13,1401636342155.01,1609892232882.11,1614245416078.98,1460709148123.17,1510758283299.98,1500275942893.67,1368438363736.87,1382218344519.02,1500337850555.24,1848124153498.87,2124112242364.04,2203678646934.46,2325011918203.49,2663112510265.54,2923465651091.26,2693827452070.02,2646837111794.78,2862680142625.14,2681416108537.39,2808511203185.39,2849305322684.76,2433562015516.21,2465453975282.24,0,0,0,0,0,0,8,0,0,0,0,0,0,0,0,0,0,0,0,0,0,0,0,4,0,0,130,87,229
Georgia,0,0,6,94,113,0,3,0,5,3,0,0,0,2,0,13,0,0,0,12,0,4,1,0,0,0,0,0,256,0,0,52,771,1837,0,52,0,26,38,0,0,0,0,0,27,0,0,0,621,0,3,0,0,0,0,0,0,3427,0.0,7753501867.76095,6357615894.03974,3690328963.64086,2701181331.3081603,2513870586.73344,2693731865.9703603,3094915505.9093,3510540809.24855,3613500117.2492795,2800024313.95144,3057453482.55826,3219487824.8791103,3395778673.79183,3991374548.5051203,5125273880.74998,6410941012.591889,7745406200.853741,10172869679.7366,12795044472.7663,10766809099.0721,11638536834.4274,14434619982.2117,15846474595.773,16140047012.1438,16509305827.7171,13993546732.4726,14332880086.196001,0,0,0,30,204,0,52,0,0,20,0,0,0,0,0,3,0,0,0,200,0,0,0,0,0,0,0,0,509
Germany,2,1,0,1,0,0,0,0,0,0,0,0,0,0,0,0,0,0,0,0,0,0,0,0,0,0,0,1,5,3,1,0,4,0,0,0,0,0,0,0,0,0,0,0,0,0,0,0,0,0,0,0,0,0,0,0,12,20,1393674332154.37,1764967948916.6,1861873895109.02,2123130870381.97,2068555542410.98,2205966011811.5,2591620035485.19,2503665193657.4,2218689375140.99,2243225519617.65,2199957383336.88,1949953934033.54,1950648769574.94,2079136081309.99,2505733634311.51,2819245095604.67,2861410272354.18,3002446368084.31,3439953462907.2,3752365607148.09,3418005001389.27,3417094562648.95,3757698281117.55,3543983909148.01,3752513503278.41,3879276587198.91,3363599907529.78,3466756880460.62,1,0,0,1,0,0,0,0,0,0,0,0,0,0,0,0,0,0,0,0,0,0,0,0,0,0,0,12,14
Ghana,0,0,2,2,1,9,8,0,0,0,0,1,1,1,0,0,0,0,0,10,2,1,0,0,0,0,0,0,38,0,0,30,63,2,2004,155,0,0,0,0,30,50,36,0,0,0,0,0,55,8,1,0,0,0,0,0,0,2434,5251764269.91812,5889174833.90034,6596546195.65217,6413901601.83066,5966255778.12018,5444560669.45607,6465137614.6789,6934984709.480121,6891308593.75,7480968858.131491,7719354838.70968,4983024408.14828,5314909953.92992,6166330136.2948,7632406552.83803,8881368538.07671,10731634116.7384,20409257610.4746,24758819717.7074,28526891010.4925,25977847813.7422,32174772955.9748,39566292432.8615,41939728978.7281,47805069494.9082,38616536131.647995,37543361203.5609,42689783733.873,0,0,0,0,0,0,0,0,0,0,0,0,0,0,0,0,0,0,0,9,0,0,0,0,0,0,0,0,9
Guatemala,78,110,74,64,51,38,27,11,1,1,0,0,1,2,0,3,5,0,1,5,1,0,2,0,0,0,3,0,478,491,681,426,393,218,287,122,20,2,1,0,0,5,2,0,1,58,0,5,41,1,0,27,0,0,0,20,0,2801,8410724360.79546,7650125217.35253,9406097735.091171,10440842165.3193,11399942453.0646,12983235568.2292,14655487455.7333,15674852771.1356,17790095900.9809,19395461989.5391,18318512501.0256,19288926545.3759,18702802394.8286,20776669466.6053,21917706490.5299,23965275995.7214,27211377225.2715,30231249362.0604,34113107085.6085,39136893345.1501,37733994976.4137,41338595380.8159,47654841112.8523,50388454861.1111,53851058955.2999,58722323918.1604,63767597193.9175,68763255963.8943,410,605,358,326,160,251,96,7,2,1,0,0,0,2,0,1,2,0,5,0,0,0,27,0,0,0,0,0,2253
Guinea,0,0,0,0,0,1,0,1,0,3,2,26,4,0,0,0,1,6,21,0,3,1,1,4,3,0,1,0,78,0,0,0,0,0,0,0,27,0,12,13,256,430,0,0,0,3,15,45,0,160,1,25,8,98,0,3,0,1096,2432029380.4369397,2666616176.91609,3014890569.04099,3284625277.16186,3279063317.63475,3383218922.79336,3693753379.0599203,3869032270.91633,3783788551.0819,3588376057.0153604,3461282293.6462398,2995360969.1619897,2833442750.43639,2949637039.04424,3446442218.8982897,3666349049.42641,2937071767.25576,2931625104.50109,4134173275.1244,4515824647.43939,4609923756.18485,4735956493.06479,5067360009.39196,5667229758.9878,6231725484.55943,6624068015.50039,6699203543.29047,6298927773.1587,0,0,0,0,0,0,0,27,0,12,13,124,0,0,0,0,3,15,45,0,160,1,0,8,0,0,3,0,411
Guinea-Bissau,0,0,0,1,0,0,0,0,0,16,3,2,0,0,0,0,0,0,0,0,0,0,0,0,0,0,0,0,22,0,0,0,2,0,0,0,0,0,505,199,0,0,0,0,0,0,0,0,0,0,0,0,0,0,0,0,0,706,213143016.443434,243961995.509711,257150573.21574703,226313492.713567,236880813.82176498,235619994.75907403,253966919.939838,270419779.418107,268551010.941186,206457553.397101,224446652.14622003,370173851.946119,392278168.19989705,415843481.998691,476388260.63923204,531109356.165462,586791883.717707,591829908.4262639,695606288.605845,864136712.9866481,825828703.628208,846332456.382994,1105497854.7939801,995582062.3430179,1026664188.52724,1109007299.94033,1056776896.92865,1126122707.91534,0,0,0,2,0,0,0,0,0,111,0,0,0,0,0,0,0,0,0,0,0,0,0,0,0,0,0,0,113
Guyana,0,0,0,0,0,0,0,0,0,0,0,0,0,0,0,0,0,0,0,3,0,0,0,0,0,0,0,0,3,0,0,0,0,0,0,0,0,0,0,0,0,0,0,0,0,0,0,0,29,0,0,0,0,0,0,0,0,29,379779389.70588195,396582263.291139,336708419.499106,368281378.896883,442273433.17972404,540874934.201012,621626785.915493,705406001.424501,749138009.564539,717530683.169567,694754988.258295,712667896.727512,696281471.678532,722460886.371384,741929342.788749,785918769.5876349,824880550.343965,1458446872.26976,1740334781.83731,1922598121.2306602,2025565089.48272,2259288396.24467,2576602497.3347898,2851154075.95385,2990006533.7774897,3077086275.94585,3179104116.22276,3446266343.82567,0,0,0,0,0,0,0,0,0,0,0,0,0,0,0,0,0,0,0,20,0,0,0,0,0,0,0,0,20
Haiti,4,2,8,0,3,4,1,0,0,0,2,0,0,0,0,22,7,0,0,0,0,0,0,0,0,0,0,0,53,48,2,270,0,37,44,1,0,0,0,11,0,0,0,0,231,40,0,0,0,0,0,0,0,0,0,0,0,684,0.0,0.0,3473562850.25798,2257129873.66261,1878253818.07845,2167569095.1174603,2813313281.80715,2907517543.3645,3338949151.59927,3723903723.63772,4153725966.8767705,3953839593.7842703,3596448035.44747,3472194099.40131,2960306120.93557,3537721020.4115796,4310356252.83669,4756204069.61876,5885321655.91684,6548530572.35291,6584649419.28348,6622541528.56888,7516834160.25277,7890216507.68913,8452509315.87722,8776360623.298979,8724656126.498491,8022638721.92013,4,2,40,0,1,32,1,0,0,0,0,0,0,0,0,17,39,0,0,0,0,0,0,0,0,0,0,0,136
Honduras,0,0,0,0,0,0,0,0,0,0,1,1,0,1,8,4,0,0,0,1,0,6,1,4,0,3,0,2,32,0,0,0,0,0,0,0,0,0,0,9,6,0,1,47,30,0,0,0,18,0,58,18,18,0,21,0,10,236,3563448310.3448296,3048881322.9572,3068444711.94538,3419487440.65916,3481990761.3449802,3432356578.82219,3911053180.39625,4034037162.16216,4663193916.349811,5202215657.31167,5372543554.00697,7103529494.374121,7565869927.73763,7775078402.92785,8140271080.5604,8772194250.27021,9672035709.39793,10841742347.7968,12275501784.2971,13789715132.501999,14587496229.1811,15839344591.9842,17710275997.4437,18528554861.015,18499729063.3889,19756533658.1136,20844308600.8656,21516915352.6217,0,0,0,0,0,0,0,0,0,0,0,0,0,0,18,28,0,0,0,0,0,0,0,0,0,0,0,0,46
India,117,332,218,240,332,246,227,175,277,354,538,1287,419,1010,744,764,911,932,726,674,845,784,403,427,345,398,323,417,14465,1850,4732,3720,4161,2328,1439,1080,1330,1509,1554,2547,3979,1716,2899,2256,1767,2016,2158,1725,1766,1627,1641,789,800,702,731,629,780,54231,292093308319.64197,316697337894.513,266502281094.117,284363884080.101,275570363431.902,322909902308.89197,355475984177.451,387656017798.596,410320300470.28296,415730874171.13,452699998386.914,462146799337.698,478965491060.771,508068952065.901,599592902016.345,699688852930.276,808901077222.8391,920316529729.7471,1201111768410.27,1186952757636.11,1323940295874.06,1656617073124.71,1823049927772.05,1827637859136.23,1856722121394.42,2035393459980.06,2111751098184.5,2263522518124.03,251,575,557,664,385,211,148,312,369,576,501,1132,475,1029,746,416,594,702,564,596,411,618,249,281,202,284,120,146,13114
Indonesia,4,46,37,14,8,9,19,15,37,29,326,156,97,265,225,355,33,1,1,3,0,0,4,0,0,0,3,0,1687,6,200,426,53,27,12,62,32,441,95,1805,916,833,762,1063,1062,242,3,2,6,0,0,9,0,0,0,4,0,8061,94451427898.3405,106140727357.035,116621996217.13301,128026966579.964,158006700301.53302,176892143931.505,202132028723.115,227369679374.97302,215748998609.635,95445547872.715,140001351215.462,165021012077.81,160446947784.909,195660611165.183,234772463823.808,256836875295.452,285868618224.01697,364570514304.85,432216737774.861,510228635279.289,539580088908.13794,755094160363.0709,892969107923.0941,917869910105.749,912524136718.018,890814755233.225,861256351277.359,932259177765.307,0,132,361,6,2,2,40,15,29,52,932,135,60,286,219,106,32,3,2,5,0,0,2,0,0,0,4,0,2425
Iran,0,14,3,2,17,2,3,4,12,5,6,18,14,0,1,0,8,20,22,19,14,11,13,5,4,1,1,4,223,0,31,44,4,153,16,17,34,33,13,19,40,112,0,2,0,29,52,72,117,158,96,206,17,11,2,4,18,1300,120496362916.372,124813263926.37401,0.0,0.0,63743623232.012,71841461172.5964,96419225743.6737,120403931885.441,113919163421.155,110276913362.50801,113848450088.351,109591707802.216,126878750295.944,128626917503.72,153544751395.43,183697185041.72,219845971945.26398,258645743978.38602,337474485087.271,397189565318.895,398978104575.331,467790215915.476,592037800186.865,587209369682.67,511620875086.78,425326068422.88104,393436064441.692,0.0,0,0,0,4,91,0,0,11,0,1,0,0,0,0,0,0,1,0,1,0,25,26,2,0,0,0,0,0,162
Iraq,2,6,87,48,38,32,58,51,31,9,17,8,7,6,105,343,505,535,451,403,354,366,191,258,504,792,686,595,6488,50,117,23678,833,366,894,1437,765,2233,79,307,185,27,111,7999,4365,3521,4609,4489,2732,1718,1851,1394,1407,4011,15010,11251,11128,106567,65641363782.5668,179885815374.719,0.0,0.0,0.0,0.0,0.0,0.0,0.0,0.0,0.0,0.0,0.0,0.0,0.0,36627901762.062996,49954890353.2609,65140293687.5395,88840050497.0957,131613661510.475,111660855042.735,138516722649.573,185749664444.44397,218000986222.63898,234648370497.427,234648370497.427,179640210726.448,171489001692.047,0,23,3912,164,134,47,113,111,0,43,38,0,0,0,448,330,1077,762,1751,629,707,648,411,824,1416,2923,1885,3550,21946
Israel,58,37,37,55,61,52,23,25,5,4,2,59,179,374,154,268,117,259,239,154,140,36,35,30,7,309,11,8,2738,93,43,47,72,88,116,77,132,25,6,2,108,355,887,471,514,211,664,538,735,706,64,73,73,8,1682,15,11,7816,44599771759.5491,52490327348.4773,59170286560.4844,65771216420.6417,65925583866.2945,74669719504.5,99968784246.0067,109774101575.96301,114543978662.956,115838004263.04599,117212358383.45801,132396684080.151,130751599020.377,121092701253.746,126749741990.73401,135418563141.455,142837533703.233,154511423313.434,179564275455.807,216760312151.61603,208068814688.605,233754747258.625,261374751963.332,257641795689.722,293314777888.557,308769389865.56396,299415714726.768,318743685882.414,80,24,1,17,20,58,22,66,24,1,0,14,116,350,238,113,80,132,59,128,306,10,21,9,0,310,8,6,2213
Italy,0,0,0,0,1,0,0,0,0,0,0,0,0,0,0,0,0,0,0,0,0,0,0,0,0,0,0,0,1,0,0,0,0,0,0,0,0,0,0,0,0,0,0,0,0,0,0,0,0,0,0,0,0,0,0,0,0,0,925598071408.4109,1177326298642.53,1242109402060.25,1315806990573.45,1061445229481.97,1095590837536.02,1170787357066.44,1308929305684.53,1239050936221.01,1266309223820.68,1248563148945.24,1141760021927.4,1162317840447.43,1266510668642.95,1569649631715.58,1798314755525.2,1852661936077.6,1942633841801.53,2203053327128.39,2390729210487.77,2185160158794.11,2125058270201.64,2276292459232.78,2072823111961.1,2130491269673.44,2151732834411.5,1824902219021.73,1849970464191.78,0,0,0,0,0,0,0,0,0,0,0,0,0,0,0,0,0,0,0,0,0,0,0,0,0,0,0,0,0
Ivory Coast,0,1,0,0,1,1,2,1,0,0,0,5,1,48,38,24,20,7,4,4,1,10,102,2,1,0,0,2,275,0,8,0,0,1,4,37,5,0,0,0,126,2,998,482,262,137,11,4,4,1,23,467,5,2,0,0,47,2626,9757410614.0812,10795850106.9547,10492628915.4927,11152971316.074,11045759468.9412,8313557450.25213,11000146839.497,12139234938.7863,11722142706.1278,12612033728.8572,12376639822.9265,10717022462.6859,11192560827.2962,12346919216.1359,15306602560.2533,16554441846.5192,17084928927.4555,17800887796.4987,20343635319.6174,24224903099.6283,24277493862.0625,24884505034.5564,25381616734.0693,27040562587.1771,31273049200.242996,35372603446.2605,32828516580.3451,36164644633.0972,0,0,0,0,1,4,5,5,0,0,0,101,0,385,440,49,9,8,4,4,1,22,324,3,2,0,0,14,1381
Jamaica,1,0,0,0,0,1,0,0,0,0,0,0,20,5,2,0,0,0,0,0,0,0,0,0,0,0,0,0,29,1,0,0,0,0,5,0,0,0,0,0,0,116,14,8,0,0,0,0,0,0,0,0,0,0,0,0,0,144,4404970058.83786,4592224067.37194,4071219198.0360103,3530892749.0213103,4859766160.892071,4907861405.8275795,5779285207.92079,6504445801.342279,7450324787.383841,8718300136.42565,8795765306.12245,8929375580.315691,9087918836.80556,9694161516.27524,9399452787.8474,10150978154.5484,11204416000.0,11905525197.3285,12824094989.8639,13678551837.6303,12038998756.9217,13192229343.0991,14440457548.68,14802430172.5391,14276559215.7309,13897561173.4853,14261995113.6721,14027151472.7053,0,0,0,0,0,1,0,0,0,0,0,0,0,0,0,0,0,0,0,0,0,0,0,0,0,0,0,0,1
Jordan,0,0,0,1,0,0,0,0,0,0,0,0,0,0,0,0,1,0,0,0,0,0,0,0,0,0,1,4,7,0,0,0,1,0,0,0,0,0,0,0,0,0,0,0,0,59,0,0,0,0,0,0,0,0,0,1,34,95,4220945005.22102,4160003917.4325795,4344250257.012779,5311329067.37276,5605841535.57512,6237739516.24445,6727446632.42009,6928359238.36389,7246188575.45839,7912327362.48237,8149106064.88011,8460424400.564179,8975689844.8519,9582453032.44006,10195660789.8449,11411390409.0268,12588665303.244,15056929760.2257,17110587447.1086,21972004086.2336,23820230000.0,26425379436.6197,28840263380.2817,30937277605.6338,33593843661.9718,35826925774.6479,37517410281.6901,38654727746.4789,0,0,0,1,0,0,0,0,0,0,0,0,0,0,0,0,59,0,0,0,0,0,0,0,0,0,1,3,64
Kenya,3,1,2,26,18,13,4,9,11,15,7,16,18,4,2,4,29,22,51,116,25,27,26,69,49,80,39,48,734,63,7,17,159,287,34,60,170,212,322,194,254,192,32,7,20,215,219,186,783,170,85,144,309,271,339,386,130,5267,8283114648.38116,8572359162.868759,8151479004.213341,8209129171.73649,5751789915.05363,7148145375.78545,9046326059.988571,12045858436.2399,13115773737.5664,14093998843.7334,12896013576.7324,12705357103.0056,12986007425.8781,13147743910.7241,14904517649.8476,16095337093.8366,18737897744.7948,25825524820.8064,31958195182.2406,35895153327.8497,37021512048.8158,39999659233.7555,41953433591.4101,50412754821.9795,55097343447.5616,61445345999.0765,63767539356.6051,70529014778.3251,3,7,0,9,1,6,4,3,14,1,0,4,32,0,0,0,7,24,134,299,40,0,9,34,79,140,167,36,1053
Kuwait,0,19,19,0,0,0,0,1,0,0,0,0,0,0,0,0,0,0,0,0,0,0,0,0,0,0,1,0,40,0,1329,460,0,0,0,0,1,0,0,0,0,0,0,0,0,0,0,0,0,0,0,0,0,0,0,26,0,1816,24312117767.1886,18427777777.7778,11008793176.2223,19858555214.7239,23941391390.7285,24848483838.3838,27191689008.0429,31493987641.9506,30354434553.2476,25941929461.9423,30121879434.954,37711864406.7797,34890772742.0933,38137545245.1464,47875838926.1745,59440108585.0017,80797945205.4795,101550654720.88199,114641097818.438,147395833333.333,105899930507.297,115419050942.08,154027536231.884,174070025008.932,174161495063.47,162631763879.129,114041209704.221,0.0,0,271,44,0,0,0,0,1,0,0,0,0,0,0,0,0,0,0,0,0,0,0,0,0,0,0,26,0,342
Kyrgyzstan,0,0,0,0,0,0,0,0,0,0,2,17,0,0,0,0,0,3,0,0,0,24,0,0,0,0,0,0,46,0,0,0,0,0,0,0,0,0,0,14,174,0,0,0,0,0,6,0,0,0,41,0,0,0,0,0,0,235,0.0,2674000000.0,2570833333.33333,2316562500.0,2028295454.54545,1681006993.00699,1661018518.5185199,1827570586.1678398,1767864035.71943,1645963749.83146,1249062025.13805,1369693171.43504,1525112241.84376,1605640633.42189,1919012780.9708602,2211535311.62834,2460248026.17783,2834168889.42019,3802566170.8154297,5139957784.91084,4690062255.12247,4794357795.07139,6197766118.59856,6605139933.410629,7335027591.91628,7468096566.711579,6678178340.45121,6551287937.62632,0,0,0,0,0,0,0,0,0,0,3,0,0,0,0,0,0,0,0,0,0,2,0,0,0,0,0,0,5
Laos,1,6,0,0,1,0,0,0,1,0,1,2,0,2,3,3,0,4,0,0,0,0,0,0,0,0,0,0,24,30,255,0,0,3,0,0,0,2,0,2,7,0,4,5,4,0,73,0,0,0,0,0,0,0,0,0,0,385,714046821.093797,865559856.1639,1028087972.31085,1127806944.6151302,1327748654.6596901,1543606345.1168401,1763536304.53964,1873671550.3463602,1747011857.33107,1280177838.71905,1454430642.49183,1731198022.45494,1768619058.3464699,1758176653.07746,2023324407.3031602,2366398119.8821,2735558726.25625,3452882514.0016603,4222962987.53859,5443915120.50795,5832915387.08908,7127792629.582941,8261299199.6817,10191367558.2708,11942157500.4254,13268297521.6066,14390323462.0115,15903437789.8552,0,41,0,0,3,0,0,0,2,0,2,2,0,4,5,4,0,73,0,0,0,0,0,0,0,0,0,0,136
Lebanon,210,89,29,54,78,59,71,56,59,50,41,32,3,1,1,0,3,152,0,5,0,0,2,5,26,30,19,12,1087,1097,1903,68,132,163,144,126,213,99,85,74,55,4,0,1,0,3,747,0,38,0,0,4,52,175,206,200,56,5645,2717998687.71002,2838485353.9618697,4451497288.27108,5545921947.46583,7535259851.035971,9599127049.9375,11718795528.4939,13690217333.2697,15751867489.4446,17247179005.5219,17391056369.2265,17260364842.4544,17649751243.7811,19152238805.9701,20082918739.6352,20955223880.597,21287562189.0547,21796351575.4561,24577114427.8607,28829850746.2687,35139635157.5456,38009950248.7562,40078938640.1327,43205095854.062996,44352417910.4478,45730945273.6318,47084703150.9121,47536798648.0929,109,67,8,44,35,13,9,136,9,8,11,2,0,0,0,0,0,546,0,0,0,0,3,0,52,58,0,5,1115
Lesotho,0,0,0,0,0,0,0,0,0,4,0,0,0,0,0,0,0,0,0,0,0,0,0,0,0,0,0,0,4,0,0,0,0,0,0,0,0,0,68,0,0,0,0,0,0,0,0,0,0,0,0,0,0,0,0,0,0,68,495404890.86500597,596415106.6331849,704329193.303687,831033946.369022,835592816.316424,878250452.8157179,1001889845.5807,946123280.510758,997996034.86775,928458201.135383,912771283.593936,887295262.184165,825706966.802027,775780697.302945,1157832935.83899,1511236652.019,1682350941.5494301,1800105593.0374699,1820597204.9909601,1868776303.14958,1864004707.45587,2394097298.8559103,2791545696.37485,2678243067.38507,2532392022.47022,2520952363.38624,2335194894.3494,2199709488.8603897,0,0,0,0,0,0,0,0,0,0,0,0,0,0,0,0,0,0,0,0,0,0,0,0,0,0,0,0,0
Liberia,6,138,19,26,47,92,52,32,3,1,3,5,28,43,53,0,0,0,0,0,0,0,0,0,0,0,0,0,548,45,3729,578,453,2673,4167,2290,3091,13,13,70,101,481,2259,3281,0,0,0,0,0,0,0,0,0,0,0,0,0,23244,786300000.0,384400000.0,348000000.0,223500000.0,160400000.0,132200000.0,134800000.0,159400000.0,295900000.0,359600000.0,441800000.0,529064600.0,521000000.0,543000000.0,416000000.0,474700000.0,550000000.0,604028900.0,739027200.0,850040500.0,1155147400.0,1292697100.0,1545400000.0,1735500000.0,1946500000.0,2013000000.0,2034000000.0,2101000000.0,18,3388,272,410,2563,3733,2282,1126,13,13,70,44,149,1812,1960,0,0,0,0,0,0,0,0,0,0,0,0,0,17853
Libya,0,0,0,0,0,0,0,0,0,0,0,0,0,0,0,0,0,0,0,0,0,0,221,5,0,103,155,170,654,0,0,0,0,0,0,0,0,0,0,0,0,0,0,0,0,0,0,0,0,0,0,2082,78,0,1457,1503,2215,7335,0.0,28901836158.1921,31995012468.8279,33881392045.4545,30657030223.3903,28607921928.8175,25544128198.9955,27884615384.6154,30698633109.1343,27249786142.0017,35976714100.9056,38270206950.41,34110064452.1567,20481889763.7795,26265625000.0,33122307692.3077,47334148578.4164,54961936662.6066,67516236337.7158,87140405361.2292,63028320702.0343,74773444900.5368,34699395523.6073,0.0,0.0,0.0,0.0,0.0,0,0,0,0,0,0,0,0,0,0,0,0,0,0,0,0,0,0,0,0,0,0,242,0,0,129,247,37,655
"Macedonia, FYR",0,0,0,0,0,0,0,0,0,0,1,1,53,0,0,0,0,0,0,0,0,0,0,0,0,0,0,0,55,0,0,0,0,0,0,0,0,0,0,6,3,72,0,0,0,0,0,0,0,0,0,0,0,0,0,0,0,81,0.0,4471828621.90813,4694744897.95918,2316618542.52603,2550195043.10345,3381270207.85219,4449375346.45669,4422160017.54386,3735312142.5702796,3571043102.5641,3673288263.62039,3772851420.2476296,3709637829.9486604,4018365247.44444,4946292774.790461,5682719260.0763,6258600713.82627,6861222331.96317,8336478142.08872,9909548410.82744,9401731495.71661,9407168702.4313,10494632699.3859,9745251126.0109,10817712138.9451,11362272837.8818,10051659161.1733,10899583154.6499,0,0,0,0,0,0,0,0,0,0,6,0,11,0,0,0,0,0,0,0,0,0,0,0,0,0,0,0,17
Madagascar (Malagasy),0,0,0,0,0,0,0,0,0,0,0,0,0,32,0,0,0,0,0,0,7,0,0,3,0,0,0,0,42,0,0,0,0,0,0,0,0,0,0,0,0,0,79,0,0,0,0,0,0,113,0,0,15,0,0,0,0,207,2498059014.77295,3081479800.28735,2653141958.52585,3024459564.32157,3370842210.90955,2977040722.47057,3159901231.97468,3995028592.7872205,3545776697.12109,3738704467.5187798,3717515282.53319,3877673539.09084,4529575347.56805,4397254607.61164,5474030080.24451,4363934494.37405,5039293030.82367,5515884348.54904,7342923489.096159,9413002920.97008,8550363974.79243,8729936135.744871,9892702357.56691,9919780071.287642,10601690871.7611,10673516672.6664,9738652322.17001,9990653078.194971,0,0,0,0,0,0,0,0,0,0,0,0,0,8,0,0,0,0,0,0,31,0,0,15,0,0,0,0,54
Malaysia,0,0,0,0,0,0,0,0,0,0,0,0,0,0,0,0,0,0,0,0,0,0,0,0,14,0,0,0,14,0,0,0,0,0,0,0,0,0,0,0,0,0,0,0,0,0,0,0,0,0,0,0,0,70,0,0,0,70,38848567631.4235,44024178343.0071,49142784405.0044,59167157497.9385,66894448545.1226,74477975918.3051,88704944178.6284,100854996422.60901,100005323301.86699,72167753770.8928,79148947368.4211,93789736842.1053,92783947368.4211,100845263157.895,110202368421.05301,124749736842.105,143534102611.49698,162690965596.205,193547824063.3,230813597937.526,202257586267.55603,255016609232.871,297951960784.31396,314442825692.826,323276841537.339,338068990803.263,296283190372.552,296359118754.525,0,0,0,0,0,0,0,0,0,0,0,0,0,0,0,0,0,0,0,0,0,0,0,0,2,0,0,0,2
Mali,0,14,5,5,1,41,1,0,1,0,4,0,0,0,0,2,1,0,8,10,9,2,3,43,83,30,50,55,368,0,328,188,77,0,729,2,0,22,0,59,0,0,0,0,20,12,0,39,113,127,28,19,359,874,291,241,187,3715,2181821902.43953,2681912030.4938397,2724131545.16958,2830673388.82429,2818280876.07615,2081846482.7477102,2706425298.3681803,2780422212.26995,2697105694.0795603,2920358586.75234,3439463140.35541,2954129565.82965,3465305993.47783,3889758023.73699,4703504466.53245,5444474268.424911,6245031690.06808,6899799785.8441,8145694631.88354,9750822511.47988,10181021770.4326,10678749467.4697,12978107560.5982,12442747897.2223,12813248724.7996,14004067516.3577,12746688961.7795,14045098237.596,0,125,176,77,0,596,2,0,0,0,0,0,0,0,0,0,0,0,12,11,1,2,1,24,51,3,17,12,1110
Malta,0,0,0,0,0,0,1,0,0,0,0,0,0,0,0,0,0,0,0,0,0,0,0,0,0,0,0,0,1,0,0,0,0,0,0,0,0,0,0,0,0,0,0,0,0,0,0,0,0,0,0,0,0,0,0,0,0,0,2118574772.11136,2547163582.33149,2750041434.26295,3021910216.71827,2709178326.78271,2998570146.54095,3439931906.61479,3570271557.8847103,3705372038.7053704,3923637971.04652,4127313818.3383603,4306192435.82207,4331870647.71535,4689832689.83269,5456583589.39342,6062780269.0583,6394851386.64345,6757119558.3992,7880509170.54476,8977149553.24447,8528202278.41067,8741059602.64901,9500001983.37933,9198987219.66026,10131419448.978,11188785252.7566,10287007021.1557,10949092471.597,0,0,0,0,0,0,0,0,0,0,0,0,0,0,0,0,0,0,0,0,0,0,0,0,0,0,0,0,0
Mauritania,15,3,0,1,0,0,0,0,0,0,0,0,0,0,0,0,0,0,0,1,1,1,6,1,0,0,0,0,29,127,19,0,0,0,0,0,0,0,0,0,0,0,0,0,0,0,0,0,12,1,1,9,1,0,0,0,0,170,981529400.534373,1019600770.6038,1443688869.96039,1464392416.14671,1249944999.42056,1315932644.95246,1415296704.11812,1442598431.0096,1401946853.2067199,1375115534.0733,1405662878.8529599,1293654175.2102,1295539448.36484,1324426606.62378,1563074859.5217302,1833444740.37736,2184444848.97637,3040716679.0766897,3356757497.1208,3978425730.72183,3670515695.6915298,4343665119.8875,5179689613.50618,5225532807.25025,5724227536.49393,5391475878.08153,4844223517.89396,4634588338.071711,25,19,0,0,0,0,0,0,0,0,0,0,0,0,0,0,0,0,0,0,1,0,1,1,0,0,0,0,47
Mexico,2,3,0,3,3,12,5,15,6,5,0,0,0,2,0,31,11,40,186,97,235,275,259,196,182,178,255,184,2185,3,4,0,16,34,153,22,43,58,7,0,0,0,26,0,220,187,686,610,1869,2263,3313,2715,1699,776,1642,1653,1309,19308,222977035953.68698,262709776007.964,314453890803.074,363609256195.677,503962832199.255,527318753518.414,343792792161.261,397404140458.45703,480554644187.66205,502010250656.743,579459682649.2621,683647965226.955,724703603502.3491,741559509631.317,713284231624.803,770267585947.1909,866345821213.261,965281191371.8441,1043471321169.09,1101275278668.79,894948748436.7479,1051128603513.77,1171187519660.64,1186598324461.82,1261981728468.52,1298398654278.73,1151037122909.08,1045998068645.15,3,4,0,1,1,6,17,4,48,1,0,0,0,0,0,2,0,1,6,0,6,81,198,33,39,35,28,8,522
Moldova,0,0,0,77,0,0,0,0,0,0,0,0,0,0,0,0,0,0,0,0,0,0,0,0,0,0,0,0,77,0,0,0,585,0,0,0,0,0,0,0,0,0,0,0,0,0,0,0,0,0,0,0,0,0,0,0,0,585,0.0,0.0,0.0,0.0,0.0,0.0,1752975841.35916,1695130456.52174,1930071406.9264102,1639497206.7039099,1170785047.79461,1288429150.51394,1480656884.38462,1661818168.4226,1980901553.5122602,2598231467.4367104,2988338439.3155303,3408272498.11516,4401154128.122971,6054806100.8468,5439422031.396271,5811604051.96737,7015206498.21955,7284686576.2835,7985349731.464709,7983271110.60446,6512899540.34594,6749515654.64419,0,0,0,24,0,0,0,0,0,0,0,0,0,0,0,0,0,0,0,0,0,0,0,0,0,0,0,0,24
Morocco,6,0,2,0,0,0,0,0,0,0,0,0,0,0,2,0,0,0,0,0,0,0,0,0,0,0,0,0,10,207,0,19,0,0,0,0,0,0,0,0,0,0,0,46,0,0,0,0,0,0,0,0,0,0,0,0,0,272,26314220188.0257,30180108561.9305,32285388165.2999,33711069430.78,31655473663.8348,35604137422.5796,39030285468.3841,43161452678.4383,39147844526.0838,41806219378.6181,41632027599.8531,38857251336.3448,39459581217.3759,42236836820.6152,52064058833.9739,59626020162.3816,62343022650.8742,68640825480.9223,79041294874.4553,92507257783.5697,92897320375.8176,93216746661.5977,101370474295.10901,98266306615.3632,106825649872.108,109881398474.953,100593283696.732,101445004812.643,0,0,0,0,0,0,0,0,0,0,0,0,0,0,34,0,0,0,0,0,0,0,0,0,0,0,0,0,34
Mozambique,131,44,52,34,0,0,0,0,0,0,0,0,0,0,0,1,1,0,0,0,0,0,0,1,13,10,1,6,294,1552,1759,1914,521,0,0,0,0,0,0,0,0,0,0,0,1,12,0,0,0,0,0,0,2,31,24,3,30,5849,2314159887.23319,2512079324.07706,3263761937.95748,2291175764.66004,2394823061.93212,2460670287.73707,2521738759.58885,3523842274.8966203,4227273069.0599103,4873242526.06404,5302532113.25156,5016469068.50898,4766928746.6914,5031510908.86055,5597367853.40358,6831808930.39816,7723846194.874459,8312078525.08582,9366742309.493309,11494837053.4061,10911698208.1015,10154238250.1818,13131168011.807,14534278446.3087,16018848990.668999,16961127045.8266,14798399861.5582,11014858591.8422,412,182,541,436,0,0,0,0,0,0,0,0,0,0,0,0,0,0,0,0,0,0,0,0,2,0,0,4,1577
Myanmar (Burma),33,28,29,45,10,79,89,78,88,125,128,171,91,99,64,85,80,113,174,63,34,50,262,79,86,32,191,44,2450,1024,779,1361,1749,143,783,1496,590,788,581,356,738,384,542,256,178,447,452,699,101,217,185,807,955,358,251,699,142,17061,0.0,0.0,0.0,0.0,0.0,0.0,0.0,0.0,0.0,0.0,0.0,8905066163.58643,6477790688.22844,6777632512.0781,10467109977.6717,10567354056.4049,11986972418.5103,14502553709.8303,20182477480.5512,31862554101.9378,36906181380.8127,49540813342.4834,59977326085.9908,59731122170.0865,60132854536.7832,65574726566.3779,62600906116.0987,67429590535.8518,20,15,233,237,2,82,132,294,466,432,302,455,114,268,195,120,204,198,314,55,17,30,114,118,35,43,60,28,4583
Namibia,2,0,0,0,0,1,0,1,0,0,1,15,0,2,0,0,0,0,0,0,0,0,0,0,0,0,0,0,22,0,0,0,0,0,0,0,2,0,0,1,66,0,5,0,0,0,0,0,0,0,0,0,0,0,0,0,0,74,2547340984.48164,2804379662.1961102,3012742078.0067396,3448326858.34502,3218475900.48046,3636645995.26867,3942478205.7290897,3945340776.4054604,4102648719.61806,3826527630.55551,3818954447.9908295,3908661517.6229897,3546783708.1261897,3361251197.73829,4931312147.210071,6606858786.01174,7261333794.60003,7978734401.53585,8740865600.24981,8486721916.9128,8876191120.76189,11282192605.0374,12409629835.6998,13016272898.9038,12713366873.4658,12853963142.8124,11491507355.6498,10267157279.9956,0,0,0,0,0,0,0,2,0,0,0,9,0,0,0,0,0,0,0,0,0,0,0,0,0,0,0,0,11
Nepal,0,9,1,1,3,1,1,53,37,218,244,186,229,1529,885,1360,649,215,20,9,2,0,0,0,0,0,0,0,5652,0,14,2,0,3,0,0,77,48,357,295,365,569,4433,1732,2456,1399,566,31,0,9,0,0,0,0,0,0,0,12356,3525228153.17361,3627562402.66027,3921476084.8907204,3401211581.29176,3660041666.6666703,4066775510.2040796,4401104417.67068,4521580381.47139,4918691916.53516,4856255044.39064,5033642384.10596,5494252207.905021,6007061224.48979,6050875806.66403,6330473096.54071,7273938314.71988,8130258041.467059,9043715355.8881,10325618017.379,12545438605.3959,12854985464.0764,16002656434.4746,18913574370.76,18851513891.066,19271168018.482,20002968837.9471,21313549578.6984,21143873417.4002,0,14,2,0,3,0,0,33,8,107,139,105,140,486,405,577,325,131,1,0,0,0,0,0,0,0,0,0,2476
Netherlands,0,1,0,0,0,0,0,0,0,0,0,0,0,0,0,0,0,0,0,0,0,0,0,0,0,0,0,0,1,0,2,0,0,0,0,0,0,0,0,0,0,0,0,0,0,0,0,0,0,0,0,0,0,0,0,0,0,2,255039560739.89398,314267667675.178,323320449905.705,358330385839.599,349037818106.312,374291430318.44,446528959648.641,445704575163.399,412199006098.938,432476116418.574,441975282335.39294,412807259996.315,426573601789.709,465368906455.863,571863431151.2421,650532654581.574,678533764457.157,726649102998.369,839419655078.018,936228211513.11,857932759099.75,836389937229.197,893757287201.688,828946812396.788,866680000367.264,879635084124.987,750318056805.557,770845046231.727,0,2,0,0,0,0,0,0,0,0,0,0,0,0,0,0,0,0,0,0,0,0,0,0,0,0,0,0,2
Nicaragua,21,6,0,0,0,0,0,0,0,0,0,0,0,0,0,0,0,0,0,0,0,0,0,0,0,0,0,0,27,526,39,0,0,0,0,0,0,0,0,0,0,0,0,0,0,0,0,0,0,0,0,0,0,0,0,0,0,565,1013184745.70715,1009455476.0558301,1488804123.71134,1792800000.0,1756454248.36601,3863185119.0476203,4140470000.0,4308351902.78601,4389965590.96538,4635267224.84195,4855717874.68247,5107329007.0922,5323146565.70315,5224213017.54386,5322454925.84746,5795568204.64532,6321335612.22233,6763671610.70006,7423377429.05927,8496965842.2767,8298695144.915071,8758622328.66962,9774316692.15985,10532001129.67,10982972256.3787,11880438824.4494,12747741539.7259,13230844686.858,134,2,0,0,0,0,0,0,0,0,0,0,0,0,0,0,0,0,0,0,0,0,0,0,0,0,0,0,136
Niger,1,2,9,11,1,11,7,3,8,2,0,0,0,0,0,1,0,0,22,12,0,0,0,1,6,0,41,18,156,170,200,40,29,6,50,67,14,81,147,0,0,0,0,0,4,0,0,98,56,0,0,0,1,31,0,491,299,1784,2179567111.0004,2480673304.7430897,2327986215.86356,2344987614.2744102,1606581743.7849698,1563207224.65066,1880803361.6856198,1987770898.5433397,1845599608.44272,2076737356.6789699,2018193703.0604699,1798374468.3636198,1945327564.65042,2170481508.86916,2731416346.4815803,3052898739.4678,3405134831.8505,3646728060.0646296,4291363390.91295,5403363917.3096,5397121856.35204,5718589799.24366,6409169889.50891,6942209594.55433,7667951987.6933,8245312136.56543,7142951342.4223,7508986509.27487,170,200,0,1,0,1,33,1,1,147,0,0,0,0,0,0,0,0,22,10,0,0,0,0,1,0,168,25,780
Nigeria,0,2,4,12,8,16,1,5,19,31,39,30,40,43,64,84,21,21,21,28,41,88,251,400,325,544,499,401,3038,0,89,380,943,1185,90,1,87,585,338,3518,2104,2417,612,445,2095,251,225,153,426,531,972,1812,1988,3305,10261,8978,3810,47601,24231168858.7187,30757075595.3681,27392886872.5547,29300903643.0584,15789003752.7594,18086400535.5777,28546958641.2735,34987951375.0,35822342617.6978,32004613750.0,35870792987.9432,46386011231.37,44137994251.618,59116847821.5797,67655813930.0926,87845420504.485,112248353104.911,145429764861.249,166451213395.64,208064753766.47,169481317540.364,369062464570.387,411743801711.642,460953836444.364,514966287206.505,568498939784.021,481066152870.266,405082677659.868,0,80,0,1,3,56,1,5,4,43,2504,42,386,119,135,61,44,19,5,148,19,97,190,893,859,5246,3778,657,15395
Pakistan,20,44,9,5,7,33,22,19,14,18,2,1,2,16,78,62,47,46,210,664,883,962,594,643,326,409,254,138,5528,114,385,61,72,48,139,127,59,78,69,25,1,26,54,241,430,153,427,1366,4620,7460,7226,3474,3540,2902,3604,2387,1034,40122,40171019643.3511,40010424928.715,45451960731.7204,48635176852.7673,51478304859.5879,51894781281.8919,60636022422.6176,63320122807.1223,62433300338.0941,62191955814.3478,62973855718.8874,73952374969.7995,72309738921.3329,72306820396.2325,83244801092.7096,97977766197.6724,109502102510.88301,137264061106.04301,152385716311.916,170077814106.305,168152775283.03198,177406854514.885,213587413183.996,224383620829.57,231218567178.97897,244360888750.807,271049886672.733,283659980698.255,2,7,2,0,0,14,26,12,3,26,25,0,6,23,117,92,27,29,182,597,444,1000,402,415,870,440,295,343,5399
Panama,3,0,0,0,0,0,0,0,0,0,0,0,0,0,0,0,0,0,0,0,0,0,0,0,0,0,0,0,3,920,0,0,0,0,0,0,0,0,0,0,0,0,0,0,0,0,0,0,0,0,0,0,0,0,0,0,0,920,5918469800.0,6433967000.0,7074675500.0,8042337700.0,8782585400.0,9365289800.0,9573813700.0,9870494000.0,10677286100.0,11575486400.0,12130252200.0,12304115000.0,12502013400.0,12994310400.0,13693981200.0,15013381700.0,16374393900.0,18141666300.0,20958000000.0,24522200000.0,26593500000.0,28917200000.0,34373820500.0,39954761200.0,44856189500.0,49165773100.0,52132289700.0,55187700000.0,500,0,0,0,0,0,0,0,0,0,0,0,0,0,0,0,0,0,0,0,0,0,0,0,0,0,0,0,500
Papua New Guinea,6,15,3,15,14,6,11,26,4,0,2,2,6,3,0,0,0,0,0,0,0,0,0,4,0,0,0,0,117,14,61,29,60,40,26,33,106,12,0,60,13,65,7,0,0,0,0,0,0,0,0,0,57,0,0,0,0,583,3546460176.99115,3219730365.0,3787352286.6666703,4377984100.0,4974662910.0,5502648500.0,4636113480.00002,5155485419.7,4936605079.99998,3789428160.00001,3477060138.33333,3521348154.79666,3081029665.98233,2999542369.4211698,3536459111.2438,3927114465.90565,4865971718.29732,5527856839.0748205,6340673793.54534,8000074071.33069,8105331929.8755,9716103408.96554,12873049346.2674,15391629871.3765,15413163674.9224,16928680397.4185,0.0,0.0,2,8,11,30,7,2,2,42,1,0,0,3,4,0,0,0,0,0,0,0,0,0,0,0,0,0,0,0,112
Paraguay,1,0,0,0,0,0,0,0,0,0,0,0,0,0,0,0,0,0,0,0,0,0,0,0,0,0,0,0,1,150,0,0,0,0,0,0,0,0,0,0,0,0,0,0,0,0,0,0,0,0,0,0,0,0,0,0,0,150,4599970618.44348,5695201563.42495,6984367762.90371,7157424031.06045,7249533620.306141,7870982170.98217,9062131307.88275,9788391732.82899,9965225496.5884,9024567484.2013,8392549702.315109,8195993230.74275,7662595075.90241,6325151760.0669,6588103836.34739,8033877360.41697,8734653809.49561,10646157920.3209,13794910633.8518,18504130752.9922,15929902138.1363,20030528042.9171,25099681460.8943,24595319573.7548,28965906502.2306,30881166852.3116,27282581335.7964,27440632933.5561,0,0,0,0,0,0,0,0,0,0,0,0,0,0,0,0,0,0,0,0,0,0,0,0,0,0,0,0,0
Peru,172,140,123,126,72,35,41,25,19,9,16,4,3,6,4,2,1,3,9,13,13,13,11,0,1,8,4,2,875,1945,1228,1353,1188,779,369,274,105,116,33,89,5,21,13,13,3,0,11,32,40,54,29,15,0,3,14,9,11,7752,22499559086.0343,26410386669.3609,34672122380.7687,36139225287.9079,35158109999.4973,44882079766.8913,53312793687.3836,55252414130.3019,58147522522.5225,55501467877.381,50187324567.882996,51744749133.213,52030158775.4055,54777553515.0809,58731030121.8671,66768703497.5687,76060606060.606,88643193061.748,102170981144.136,120550599815.441,120822986521.479,147528937028.778,171761737046.585,192648999090.082,201217661645.50897,201049665375.132,189212096470.293,192093512185.01102,144,142,182,192,119,148,10,14,9,8,20,0,0,1,2,0,0,5,1,0,6,3,3,0,0,8,0,3,1020
Philippines,135,126,113,59,45,40,18,26,40,23,48,171,146,211,153,135,124,131,103,182,155,119,149,109,139,149,203,125,3177,984,1352,1549,445,318,308,188,199,322,138,219,1761,792,763,1119,470,487,434,483,566,1047,372,414,311,537,484,628,430,17120,42575183905.5606,44311593755.7845,45417561302.2497,52976344928.9564,54368083953.1119,64084460124.4644,74119987244.5011,82848140618.0266,82344260570.6685,72207025219.4752,82995147089.9742,81026297144.2795,76262072022.215,81357602950.1818,83908206456.0645,91371239764.8818,103071585462.599,122210719245.902,149359920005.894,174195135053.121,168334599538.168,199590774784.58102,224143083706.77698,250092093547.53198,271836123723.678,284584522898.935,292774099014.19,304905406845.908,129,96,54,24,23,40,37,22,41,18,18,216,74,110,117,139,30,23,50,116,100,58,50,30,42,33,54,20,1764
Qatar,0,0,0,0,0,0,0,0,0,0,0,0,0,0,0,1,0,0,0,0,0,0,0,0,0,0,0,0,1,0,0,0,0,0,0,0,0,0,0,0,0,0,0,0,0,0,0,0,0,0,0,0,0,0,0,0,0,0,6487912087.91209,7360439423.0769205,6883516483.5164795,7646153983.5164795,7156593653.84615,7374450769.23077,8137911978.021979,9059340384.61539,11297802115.3846,10255495027.4725,12393131868.1319,17759890109.8901,17538461538.4615,19363736263.7363,23533791208.7912,31734065934.0659,44530494505.4945,60882142857.1428,79712087912.0879,115270054945.055,97798351648.3516,125122306346.154,167775274725.275,186833516483.51602,198727747252.74698,206224725274.725,164641483516.484,152468681318.681,0,0,0,0,0,0,0,0,0,0,0,0,0,0,0,0,0,0,0,0,0,0,0,0,0,0,0,0,0
Rumania,16,0,0,0,0,0,0,0,0,0,0,0,0,0,0,0,0,0,0,0,0,0,0,0,0,0,0,0,16,448,0,0,0,0,0,0,0,0,0,0,0,0,0,0,0,0,0,0,0,0,0,0,0,0,0,0,0,448,42105263157.8947,38995454545.4545,28998684210.5263,25121666666.6667,26362894736.8421,30074440483.3837,37662075750.123,37182938696.0752,35838588169.6429,41976002703.9207,36183003978.3474,37438527799.5302,40716836998.0386,46174557555.5892,59867801204.8193,76216441462.1442,99697566667.8107,123533036667.85301,171536685395.56302,208181626900.631,167422949529.4,167998080493.40802,185362855081.02103,171664638717.49,191549024910.60397,199493490982.92102,177522705145.168,186690595273.12,195,0,0,0,0,0,0,0,0,0,0,0,0,0,0,0,0,0,0,0,0,0,0,0,0,0,0,0,195
Russia (Soviet Union),6,28,56,1,12,31,205,147,5,3,67,176,159,385,73,253,247,152,145,192,315,245,241,223,179,72,31,27,3676,160,393,340,1,145,485,1910,2764,13,7,6197,4333,992,1503,539,1317,674,260,182,410,697,481,396,525,365,170,86,73,25418,506500154001.466,516814258695.568,517962962962.96295,460290556900.726,435083713850.83704,395077301248.464,395531066563.296,391719993756.82794,404926534140.017,270953116950.026,195905767668.56198,259708496267.33,306602673980.117,345110438692.185,430347770731.78705,591016690742.798,764017107992.391,989930542278.695,1299705247685.76,1660844408499.61,1222643696991.85,1524916112078.87,2031768558635.85,2170143623037.67,2230625004653.55,2063662281005.13,1365865245098.18,1283162348132.89,21,23,22,1,4,112,224,478,2,0,1238,1429,219,359,84,519,48,11,4,20,24,49,50,7,48,3,2,1,5002
Rwanda,0,36,38,32,35,263,5,38,68,65,1,0,22,0,0,1,0,0,0,0,1,0,1,4,3,0,0,0,613,0,2644,1102,943,959,501961,4141,309,4698,1737,29,0,2044,0,0,16,0,0,0,0,2,0,0,13,4,0,0,0,520602,2405021932.89997,2550185618.14774,1911600969.76612,2029026704.0270698,1971525998.87685,753636370.454546,1293535010.94467,1382334879.40812,1851558301.7002,1989343495.2184398,1817655328.06755,1734938264.47371,1674685094.01639,1677447150.10691,1845979298.99285,2089188828.7970002,2581465863.8785896,3152016556.51526,3824811913.2286897,4860576609.21568,5379378135.44102,5774003744.2708,6491683831.5094,7315702176.36442,7622526429.08839,8016288347.03577,8261034257.63248,8376048904.58291,0,1018,932,856,624,501191,4141,232,4287,653,0,0,1,0,0,0,0,0,0,0,2,0,0,2,1,0,0,0,513940
Saudi Arabia,0,0,4,0,0,0,0,0,0,0,0,0,0,0,2,41,17,3,2,0,0,0,0,0,0,0,38,26,133,0,0,91,0,0,0,0,0,0,0,0,0,0,0,26,91,31,11,2,0,0,0,0,0,0,0,110,115,477,95344459279.0387,117630271802.48,132223268484.752,137087876662.752,132967901424.38199,135174886501.23401,143343036351.096,158662398750.805,165963557420.458,146775498092.612,161716960000.0,189514926222.667,184137469724.863,189605920240.51602,215807655244.42398,258742133333.333,328459608764.111,376900133511.34796,415964509673.115,519796800000.0,429097866666.66705,528207200000.0,671238840108.229,735974843348.6641,746647127407.619,756350347320.381,654269902888.715,646438380568.715,0,0,0,0,0,0,0,0,0,0,0,0,0,0,26,36,0,2,0,0,0,0,0,0,0,0,47,21,132
Senegal,11,14,7,16,30,0,39,2,32,31,9,23,12,15,5,1,1,6,0,3,11,9,14,10,4,0,0,0,305,121,84,16,135,285,0,330,5,366,344,31,56,47,45,39,3,1,129,0,11,19,19,37,23,8,0,0,0,2154,4913065110.5316105,5716644272.046921,5617236032.865561,6004885321.34354,5678827998.8247,3877196914.93966,4878719133.22771,5065830414.04947,4672503920.19866,5030344074.0413,5144045359.98185,4679604753.55711,4877602059.5098295,5333862371.27113,6858952880.10003,8031344381.09898,8707015771.00113,9358710935.433659,11284603070.5653,13428461873.5568,12809044977.5918,12937300245.1506,14368348214.2024,14202389641.9262,14810978041.4667,15308965398.5779,13609978076.4224,14765462631.3216,2,26,16,59,79,0,31,2,66,108,14,20,21,36,0,0,0,2,0,2,9,3,12,4,3,0,0,0,515
Serbia (Yugoslavia),0,0,250,89,0,0,2,3,5,221,341,0,1,0,0,0,0,0,0,0,0,0,0,0,0,0,0,0,912,0,0,3295,342,0,0,0,2,9,1446,2173,0,0,0,0,0,0,0,0,0,0,0,0,0,0,0,0,0,7267,0.0,0.0,0.0,0.0,0.0,0.0,16750000000.0,20948677839.851,24147996549.5662,18284194680.3844,18409364146.9794,6540247190.33529,12267175481.2542,16116843146.4806,21188704081.2428,24861483280.6339,26252007830.4639,30607991862.4843,40289556656.1455,49259526052.7426,42616653299.9115,39460357730.5224,46466728666.6103,40742313861.1374,45519650911.4138,44210806365.6817,37160332465.1645,37745114708.3113,0,0,181,15,0,0,0,0,0,286,1286,0,0,0,0,0,0,0,0,0,0,0,0,0,0,0,0,0,1768
Sierra Leone,0,0,128,64,68,164,197,100,137,359,199,59,19,1,0,0,0,0,0,0,0,0,0,0,0,0,0,0,1495,0,0,1225,531,642,2097,3194,943,1233,5155,4593,856,73,1,0,0,0,0,0,0,0,0,0,0,0,0,0,0,20543,932974411.917142,649644826.800447,779981458.921489,679997997.597117,768812334.801762,911915970.683484,870758739.40678,941742152.7098949,850218033.622007,672375927.3471481,669384768.87263,635874002.198748,1079478387.8357599,1239004287.75607,1371442565.69701,1431208677.30352,1627854494.80246,1885112201.85278,2158496872.85796,2505458705.03338,2489985963.16808,2616610911.07222,2942546781.0454803,3801862611.36414,4920343194.99339,5015157815.73406,4251779857.0134,3668876080.33846,0,0,700,329,237,1551,1851,414,616,1872,1627,546,23,1,0,0,0,0,0,0,0,0,0,0,0,0,0,0,9767
Solomon Islands,0,0,0,1,0,0,0,0,0,1,6,9,1,0,0,0,0,0,0,0,0,0,0,0,0,0,0,0,18,0,0,0,2,0,0,0,0,0,1,14,27,1,0,0,0,0,0,0,0,0,0,0,0,0,0,0,0,45,332286760.858189,302515026.890225,320355090.61441,378778047.197842,410923236.189102,464756638.512487,519334096.714525,565163750.5607901,567919502.811483,471177008.05714804,482214092.30896395,435103853.485036,400463452.06517595,341661643.551446,332738245.913215,375111894.932329,413909879.28126496,456705433.99697804,516074228.95974904,608293860.271816,597765363.128492,671585343.170686,886498370.6960859,1025125081.5749401,1059695156.18795,1156563122.85602,1129164718.81436,1202125000.0,0,0,0,2,0,0,0,0,0,0,2,0,1,0,0,0,0,0,0,0,0,0,0,0,0,0,0,0,5
Somalia,33,52,19,18,20,37,69,92,27,18,41,27,31,61,49,52,24,78,296,289,257,313,271,444,381,406,316,369,4090,1061,2700,8455,4729,483,626,444,949,277,330,542,185,483,638,426,670,309,1174,1624,1759,2208,2722,2118,2987,1028,1253,1217,2014,43411,0.0,0.0,0.0,0.0,0.0,0.0,0.0,0.0,0.0,0.0,0.0,0.0,0.0,0.0,0.0,0.0,0.0,0.0,0.0,0.0,0.0,0.0,0.0,0.0,5352000000.0,5647000000.0,5925000000.0,6217000000.0,688,501,950,104,1,89,13,224,9,19,76,6,90,32,35,22,20,114,465,630,619,419,366,291,255,220,164,318,6740
South Africa,221,562,448,572,578,260,39,37,20,23,11,1,0,3,0,4,0,0,0,0,0,1,0,0,0,0,0,2,2782,284,1459,737,762,908,508,143,156,30,44,19,0,0,2,0,0,0,0,0,0,0,1,0,0,0,0,0,3,5056,128902675070.723,115553279480.54,123943432441.241,134545231416.55,134309759157.81699,139752450152.078,155460285076.232,147607982694.857,152586154513.889,137774361015.14,136631966609.379,136361854808.496,121516070204.783,115482368343.658,175256916996.047,228593566165.088,257772710832.953,271638484826.10898,299415505152.29803,286769839732.726,295936485832.635,375349396273.835,416418862155.872,396327771010.96204,366623856821.78296,350850571747.123,317406594612.388,294840648284.114,80,256,119,166,291,93,0,0,0,0,0,0,0,2,0,0,0,0,0,0,0,1,0,0,0,0,0,0,1008
South Sudan,0,0,0,0,0,0,0,0,0,0,0,0,0,0,0,0,0,0,0,0,0,0,31,59,99,124,98,58,469,0,0,0,0,0,0,0,0,0,0,0,0,0,0,0,0,0,0,0,0,0,0,1194,864,1802,2476,1136,1172,8644,0.0,0.0,0.0,0.0,0.0,0.0,0.0,0.0,0.0,0.0,0.0,0.0,0.0,0.0,0.0,0.0,0.0,0.0,0.0,15550136278.8696,12231362022.6859,15727363443.0995,17826697892.2717,10368813559.321999,13257635694.9153,13282084033.8983,9015221096.244741,0.0,0,0,0,0,0,0,0,0,0,0,0,0,0,0,0,0,0,0,0,0,0,0,34,92,914,899,449,260,2648
Spain,12,10,22,15,6,9,10,4,11,6,0,15,12,4,2,1,0,0,0,2,2,0,1,0,0,0,0,0,144,17,19,44,23,12,11,13,4,12,7,0,20,13,5,3,191,0,0,0,2,3,0,1,0,0,0,0,0,400,413630538018.271,535101248775.71,575598537069.656,629202392003.901,523649481762.322,529121577319.58795,612939685081.398,640998292394.588,588692045454.545,617041986858.225,633194118900.49,595402616546.895,625975838926.175,705145868624.13,906853273137.698,1069555500372.49,1157276458151.97,1264551499184.54,1479341637010.68,1634989014208.29,1499074742984.16,1431587612302.26,1488017213511.01,1335945712662.3,1361775869855.87,1375856057716.82,1192955480686.43,1232088185030.31,1,3,9,3,1,3,0,0,0,1,0,2,0,2,0,191,0,0,0,0,0,0,1,0,0,0,0,0,217
Sri Lanka,192,244,316,180,111,80,252,120,135,179,184,177,136,5,23,36,83,229,488,1016,387,0,2,0,1,0,0,0,4576,1288,4840,6646,4444,2084,712,4971,4097,2902,3830,1948,2569,1162,17,33,84,130,2173,2564,8453,10418,0,2,0,5,0,0,0,65372,6987267683.77254,8032551173.240141,9000362581.58086,9703011635.86585,10338679635.7616,11717604208.8223,13029697560.9756,13897738375.2488,15091913883.7091,15794972847.1683,15656327859.5696,16330814179.9766,15746229581.5619,16536535647.0834,18881765437.2151,20662525941.2986,24406252456.5141,28279814924.5918,32350248410.8216,40713812309.7316,42066217871.5349,56725745039.336,65292741296.5382,68434399083.41,74317806754.5267,79356456990.2891,80611989527.2158,81321876307.2556,490,1187,254,381,129,33,340,187,54,117,70,69,45,4,1,9,12,363,104,249,6830,0,2,0,5,0,0,0,10935
Sudan,32,63,30,57,78,18,43,55,90,126,64,71,75,54,106,224,86,109,69,98,126,94,167,115,139,160,363,244,2956,7515,5335,4565,4314,6042,960,1514,2945,4872,5758,2067,3535,3720,3067,5107,7393,1484,2187,1158,1241,2689,1790,2588,1525,1935,1912,2552,1969,91739,15291507936.5079,12408647540.9836,11379222222.2222,7034219712.52567,8881785938.48085,12794192334.2541,13829744878.6366,9018243044.45155,11681494637.3041,11250327988.0478,10682045258.3647,12257418326.0734,13182979783.533,14803189092.7044,17646503525.1743,21457470202.7839,26524538565.7403,35822408611.5588,45898948564.0593,54526580231.5568,53150209167.934006,65634109236.7736,67327289319.733,68125631150.2939,72065940085.772,82151588418.8325,97156119150.0,95584380032.2061,1043,293,2304,3026,1671,478,386,273,369,1344,129,367,214,620,1966,3753,655,764,203,485,412,291,750,252,89,269,590,779,23775
Swaziland,2,0,0,0,0,0,0,0,0,0,0,0,0,0,0,0,0,0,0,0,0,0,0,0,0,0,0,0,2,2,0,0,0,0,0,0,0,0,0,0,0,0,0,0,0,0,0,0,0,0,0,0,0,0,0,0,0,2,696915430.6630571,1114703088.1614,1156141998.33412,1284766234.2216,1357206995.7462401,1419293454.99606,1698982437.76019,1602760100.4814699,1716699913.1944401,1576904292.4588,1547884442.26205,1738100848.09721,1542477354.99355,1432228172.7020001,2197612760.58535,2770082815.20915,3178126547.9298,3291353812.85535,3469363931.16431,3294093359.62088,3580417156.54024,4438778553.635329,4820499498.18209,4807282468.0268,4575596300.78922,4486261555.30421,4137638726.69274,3727303664.17403,2,0,0,0,0,0,0,0,0,0,0,0,0,0,0,0,0,0,0,0,0,0,0,0,0,0,0,0,2
Tajikistan,0,0,0,38,34,31,46,66,10,19,3,2,0,0,0,0,1,4,0,0,7,21,5,0,2,0,0,0,289,0,0,0,3859,1045,366,368,2797,97,600,4,46,0,0,0,0,1,8,0,0,17,98,28,0,3,0,0,0,9337,0.0,2629395066.2701697,2534720480.3244,1909246640.8083801,1646693642.1108801,1346074611.4779198,1231523034.7839699,1043893062.60575,921843144.229059,1320126706.15503,1086567377.6054301,860550305.832491,1080774007.25065,1221113780.25397,1554125530.8029,2076148695.5058103,2312319579.02843,2830236053.84429,3719497371.09659,5161336170.46084,4979481980.35098,5642178579.58438,6522732202.50748,7633049792.093209,8506674782.754709,9236309138.04277,7853450374.0001,6951657158.900929,0,0,0,97,143,10,6,16,0,20,0,0,0,0,0,0,0,0,0,0,0,0,0,0,0,0,0,0,292
Tanzania,0,0,0,1,0,0,0,1,1,0,1,0,7,0,0,0,0,0,1,0,0,0,0,0,0,0,0,0,12,0,0,0,1,0,0,0,10,10,0,0,0,37,0,0,0,0,0,3,0,0,0,0,0,0,0,0,0,61,4420168102.39306,4258743262.82876,4956588278.5614395,4601413263.52894,4257702196.53864,4510846967.8742,5255221424.80962,6496195450.61034,7683852496.844991,9345174219.072529,9697847263.63196,10185786382.8283,10383560602.8537,10805599892.7355,11659129888.8021,12825801580.9281,16929976600.142,18610460326.5437,21501741757.483997,27368386358.131,28573777052.4542,31407908612.0943,33878631649.4157,39087748240.4403,44333456244.744,48197218326.7942,45628247290.4618,47431038892.2441,0,0,0,1,0,0,0,0,0,0,0,0,37,0,0,0,0,0,3,0,0,0,0,0,0,0,0,0,41
Thailand,5,4,1,1,2,1,7,1,3,4,1,1,3,1,16,126,434,445,367,224,169,155,177,140,136,71,54,47,2596,203,20,2,0,1,1,12,1,7,12,1,8,25,23,26,310,494,541,518,328,258,218,277,242,249,100,80,67,4024,72250877410.3183,85343063965.9182,98234695722.0341,111452869378.467,128889832382.81801,146683499005.964,169278552851.272,183035154107.494,150180268649.388,113675706127.265,126668932159.50801,126392308497.74901,120296746256.631,134300851255.002,152280653543.725,172895476152.59198,189318499954.00302,221758486880.31302,262942650543.77103,291383081231.82,281710095724.761,341105009515.333,370818747396.83295,397559992407.45,420528737876.71704,406521561093.35706,399234547137.47205,406839679301.943,6,2,2,0,1,0,3,0,6,0,1,0,0,0,1,149,295,345,327,181,126,141,133,131,64,42,33,30,2019
Togo,0,0,4,2,3,0,0,0,0,4,0,0,0,0,0,0,93,0,0,0,0,0,0,0,0,0,0,0,106,0,0,63,5,48,0,0,0,0,9,0,0,0,0,0,0,436,0,0,0,0,0,0,0,0,0,0,0,561,1352949662.75172,1628427515.41881,1602299862.9243,1692959110.18022,1233496846.3349302,982624324.505898,1309382885.33029,1465448290.34132,1498950899.08774,1587345950.9743,1576094566.48548,1294250233.18894,1332328999.09077,1474630207.0824199,1673690429.61609,1937074572.08687,2115154262.03025,2202809251.31304,2523462557.38975,3163416242.0587697,3163000528.8167,3172945644.5585,3756023159.96,3866617462.61854,4080929201.27925,4482880424.33988,4087628275.95594,4399995986.564771,0,0,0,5,48,0,0,0,0,9,0,0,0,0,0,0,436,0,0,0,0,0,0,0,0,0,0,0,498
Trinidad and Tobago,0,3,0,0,0,0,0,0,0,0,0,0,0,0,0,0,0,0,0,0,0,0,0,0,0,0,0,0,3,0,39,0,0,0,0,0,0,0,0,0,0,0,0,0,0,0,0,0,0,0,0,0,0,0,0,0,0,39,4323058823.52941,5068000000.0,5307905882.35294,5439552941.176471,4669488516.37981,4947205860.01451,5329214163.22001,5759537726.26601,5737751331.63779,6043694330.21609,6808982520.75759,8154338232.95978,8824873259.32105,9008273720.93395,11305459802.0683,13280275123.0354,15982282462.3786,18369070085.3888,21642304045.512,27870257894.2347,19175196445.7936,22157948396.2042,25433011405.3017,25694164489.2373,26436221401.2976,26175906133.4665,23559287483.9276,20989155539.8436,0,0,0,0,0,0,0,0,0,0,0,0,0,0,0,0,0,0,0,0,0,0,0,0,0,0,0,0,0
Tunisia,0,0,0,0,0,0,0,0,0,0,0,0,0,0,0,0,0,0,0,0,0,0,0,0,0,0,2,0,2,0,0,0,0,0,0,0,0,0,0,0,0,0,0,0,0,0,0,0,0,0,0,0,0,0,0,59,0,59,10102075213.3151,12290568181.8182,13074782608.6957,15497286295.7938,14608946896.483,15632463424.2784,18030876599.3444,19587322786.1105,20746360430.4187,21803372266.6198,22943685719.102997,21473188881.5933,22066101341.4888,23142294436.2383,27453084982.5378,31183139301.4853,32273007553.5687,34378437265.2141,38908069299.204,44856586316.0458,43454935940.1614,44050929160.2627,45810626509.4474,45044176963.9542,46255308672.3703,47603227896.5659,43156606851.5498,42062549394.7859,0,0,0,0,0,0,0,0,0,0,0,0,0,0,0,0,0,0,0,0,0,0,0,0,0,0,59,0,59
Turkey,62,69,134,329,482,613,517,332,271,235,250,25,19,15,29,115,175,93,132,110,44,64,121,127,4,7,228,224,4826,273,312,395,1779,2529,4076,3112,3300,2298,1943,1155,121,81,25,79,193,365,224,460,431,126,204,425,744,19,10,1053,1544,27276,107143348667.09401,150676291094.21,150027833333.333,158459130434.78302,180169736363.63602,130690172297.297,169485941048.035,181475555282.555,189834649111.257,275768695818.949,255884300382.04398,272979390595.01,200254104151.474,238423907922.754,311825946795.01697,404776328437.599,501422832613.55396,552504962256.438,675754121015.013,764322933264.927,644656538878.423,771876943465.616,832546462299.5641,873981840596.288,950595641011.8359,934167774215.0309,859383637728.94,857748989287.6421,52,64,59,260,427,229,100,32,19,27,34,0,1,1,4,11,12,17,13,8,9,6,56,12,0,0,184,349,1986
Uganda,25,34,21,4,0,18,20,119,77,122,91,116,55,164,193,251,221,98,21,8,6,1,0,0,0,1,0,2,1668,1057,809,1018,76,0,160,537,1765,1354,1220,1044,1229,212,1319,1627,2009,922,334,156,32,60,74,0,0,0,7,0,30,17051,5276480985.999371,4304398865.88268,3321729057.12215,2857457860.05088,3220439044.18949,3990430446.71216,5755818947.42125,6044585326.938001,6269333313.17108,6584815846.52754,5998563257.946589,6193246837.09687,5840503868.57245,6178563590.89254,6336696288.98214,7940362799.179971,9013834373.41246,9942597779.99265,12292813603.2327,14239026629.639,21203769124.656002,20179411062.934,20508595015.4506,23516083900.4013,24879053946.9135,27927875335.8068,27856380083.2478,25527910090.6285,58,204,163,0,0,37,285,646,629,361,305,172,67,642,694,818,279,63,20,1,21,74,0,0,0,7,0,0,5546
Ukraine,0,0,0,0,0,0,0,0,0,0,0,0,0,0,0,0,0,0,0,0,0,0,0,0,0,269,252,123,644,0,0,0,0,0,0,0,0,0,0,0,0,0,0,0,0,0,0,0,0,0,0,0,0,0,4398,1304,255,5957,82709161099.1244,81456918678.5008,77464561149.5103,73942235330.437,65648559903.0571,52549555149.1978,48213868178.0873,44558077827.135,50150399791.647,41883241471.7365,31580639045.454,31261527363.143997,38009344576.6088,42392896031.2394,50132953288.202995,64883060725.7003,86142018069.3504,107753069306.931,142719009900.99,179992405832.321,117227769791.56,136013155905.036,163159671670.265,175781379051.433,183310146378.08102,133503411375.739,91030959454.6961,93270479388.5243,0,0,0,0,0,0,0,0,0,0,0,0,0,0,0,0,0,0,0,0,0,0,0,0,0,902,390,35,1327
United Arab Emirates,0,0,0,0,0,0,0,0,0,0,0,0,0,0,0,0,0,0,0,0,0,1,0,0,0,0,0,0,1,0,0,0,0,0,0,0,0,0,0,0,0,0,0,0,0,0,0,0,0,0,1,0,0,0,0,0,0,1,41464995913.9199,50701443748.2975,51552165622.4462,54239171887.769005,55625170253.337006,59305093979.842,65743666575.8649,73571233996.1863,78839008444.5655,75674336283.1858,84445473110.9598,104337372362.151,103311640571.81801,109816201497.61699,124346358066.71199,147824370319.94598,180617018379.85,222116541865.214,257916133424.09802,315474615738.598,253547358747.447,289880430197.25,350908390046.35803,374817974113.476,390427289210.786,403197682887.71704,357949199759.586,348743265715.395,0,0,0,0,0,0,0,0,0,0,0,0,0,0,0,0,0,0,0,0,0,0,0,0,0,0,0,0,0
United Kingdom,27,32,32,30,34,16,0,2,4,3,0,1,1,4,2,1,2,1,0,0,2,0,1,0,0,0,0,0,195,41,47,38,39,47,16,0,2,5,31,0,1,1,3,1,1,53,0,0,0,2,0,1,0,0,0,0,0,329,926884816753.927,1093169389204.55,1142797178130.51,1179659529659.53,1061388722255.55,1140489745944.29,1320255641470.73,1392979719188.77,1537090700720.37,1623564094070.88,1652167933991.26,1635441065214.1,1613034403339.57,1757571942446.04,2028488163265.31,2389004027828.63,2508103636363.64,2678277828886.84,3063005202080.83,2875463235294.12,2367127278392.27,2429680444512.61,2608824654243.59,2646002634059.62,2719509472492.7,2998833559195.71,2861090726739.55,2618885692029.18,8,10,13,23,33,10,0,0,2,31,0,1,1,3,1,1,53,0,0,0,0,0,0,0,0,0,0,0,190
United States of America,0,0,0,0,0,0,0,0,0,0,0,0,3,0,0,0,0,0,0,0,0,0,0,0,0,0,1,0,4,0,0,0,0,0,0,0,0,0,0,0,0,2986,0,0,0,0,0,0,0,0,0,0,0,0,0,14,0,3000,5657693000000.0,5979589000000.0,6174043000000.0,6539299000000.0,6878718000000.0,7308755000000.0,7664060000000.0,8100201000000.0,8608515000000.0,9089168000000.0,9660624000000.0,10284779000000.0,10621824000000.0,10977514000000.0,11510670000000.0,12274928000000.0,13093726000000.0,13855888000000.0,14477635000000.0,14718582000000.0,14418739000000.0,14964372000000.0,15517926000000.0,16155255000000.0,16691517000000.0,17393103000000.0,18036648000000.0,18569100000000.0,0,0,0,0,0,0,0,0,0,0,0,0,2862,0,0,0,0,0,0,0,0,0,0,0,0,0,14,0,2876
Uzbekistan,0,0,0,0,0,0,0,0,0,0,6,16,0,0,0,8,0,0,0,0,2,0,0,0,0,0,0,0,32,0,0,0,0,0,0,0,0,0,0,50,297,0,0,0,37,0,0,0,0,16,0,0,0,0,0,0,0,400,0.0,13360607990.6751,13677622222.2222,12941297376.0933,13099013835.5111,12899156990.6156,13350468917.4115,13948892215.5689,14744603773.5849,14988971210.8383,17078465982.0282,13760374487.51,11401351420.1718,9687951055.225409,10128112401.4248,12030023547.8807,14307509838.8053,17330833852.919,22311393927.8817,29549438883.8338,33689223673.2577,39332770928.9426,45915191189.3237,51821573338.1312,57690453460.6205,63067077178.5381,66903804142.5395,67220335569.6147,0,0,0,0,0,0,0,0,0,0,5,0,0,0,0,2,0,0,0,0,0,0,0,0,0,0,0,0,7
Venezuela,28,66,38,75,75,46,46,53,5,14,41,38,50,30,40,50,32,21,1,0,0,0,1,0,1,0,0,0,751,61,64,30,223,63,163,28,33,33,10,26,25,27,27,25,31,30,22,2,0,0,0,1,0,0,0,0,0,924,42119835734.8703,47028010660.9808,51749026408.4507,58450099415.2047,58124193832.5991,56531046464.6465,74906532239.819,68263823148.8138,85843534588.6206,91331203433.1629,97976886247.3172,117140723529.41199,122903960204.505,92893587733.6549,83620628582.1082,112453382329.615,145510008134.75,183477522123.89398,230364012575.68698,315953388510.678,329787628928.472,393190682070.491,316482190800.364,381286237847.66705,371006299120.24396,0.0,0.0,0.0,61,64,30,159,63,36,28,33,3,10,26,25,27,20,25,31,30,22,0,0,0,0,1,0,0,0,0,0,694
Yemen (North Yemen),0,0,0,0,0,72,0,0,0,0,0,0,0,0,1,1,0,0,0,2,5,63,213,249,126,271,447,205,1655,0,0,0,0,0,1489,0,0,0,0,0,0,0,0,6,28,0,0,0,21,94,201,1285,2345,582,2120,6984,3154,18309,0.0,5647251908.39695,5930370370.37037,6463649985.0164795,5368270614.8468,4167356037.1517,4258788725.44991,5785685310.86668,6839039029.748,6325219772.93811,7641101221.43876,9636342274.82408,9854042164.67463,10693278291.8149,11777768086.8693,13873500887.5612,16753769531.6987,19081722875.3022,21656517484.2538,26910851361.7555,25130274124.2524,30906749533.221,32726417878.391003,35401339869.3055,40415233436.1767,43228583935.0365,37733919936.2465,27317605346.0714,0,0,0,0,0,308,0,0,0,0,0,0,0,0,0,0,0,0,0,7,41,3,131,48,35,77,1475,591,2716
Zambia,2,6,0,0,1,0,0,0,0,0,0,1,2,0,0,0,0,0,0,0,0,0,0,0,0,0,0,0,12,14,32,0,0,1,0,0,0,0,0,0,1,7,0,0,0,0,0,0,0,0,0,0,0,0,0,0,0,55,3998637681.1594205,3285217391.30435,3378882352.94118,3181921787.7095,3273237853.3568897,3656647744.2485795,3807067121.8609,3597220962.00017,4303281932.29365,3537683046.02331,3404311976.5494103,3600683039.7325397,4094480988.1193104,4193845678.1703296,4901839731.26571,6221077674.77871,8331870169.149771,12756858899.2812,14056957976.2648,17910858637.9048,15328342303.9575,20265556273.582,23460098339.7453,25503370699.2015,28045460442.1876,27150630607.2032,21154394545.895,19551093303.3377,14,32,0,0,1,0,0,0,0,0,0,1,7,0,0,0,0,0,0,0,0,0,0,0,0,0,0,0,55
Zimbabwe (Rhodesia),2,3,0,0,0,0,2,0,0,1,1,0,1,0,1,0,0,0,2,40,1,0,1,1,0,0,0,0,56,18,14,0,0,0,0,4,0,0,1,1,0,0,0,0,0,0,0,0,253,0,0,1,1,0,0,0,0,293,8286322700.0,8783816700.0,8641481700.0,6751472200.0,6563813300.0,6890675000.0,7111270700.0,8553146600.0,8529571600.0,6401968200.0,6858013100.0,6689957600.0,6777384700.0,6342116400.0,5727591800.0,5805598400.0,5755215200.0,5443896500.0,5291950100.0,4415702800.0,8366794000.0,10052045200.0,12071733500.0,14058378300.0,15223528900.0,15834069900.0,16072380200.0,16289212000.0,18,14,0,0,0,0,1,0,0,1,1,0,0,0,0,0,0,0,0,253,0,0,1,1,0,0,0,0,290
